city,lat,long
Jamestown,-29.32814490362275,-0.5820413438934509
Provideniya,57.46059816355438,-178.74819874443358
Hithadhoo,-13.49240702107386,78.82361483733627
Meulaboh,2.227945257021517,92.93503914047108
Kapaa,37.22758802294905,-161.18538296637115
Castro,-43.28382763369278,-97.11043788721099
Meadow Lake,56.98620877718565,-108.81213147210782
Cherskiy,79.57187689934395,158.27541279021614
Vaini,-49.49422755210704,-179.18917428537634
Ust-kulom,62.063150445968404,53.90829957920985
Alofi,-20.612792071043742,-166.78675491599267
Port Alfred,-65.61659198496784,36.58347128638434
Wichian Buri,15.528089530096608,101.09728066314199
Mar Del Plata,-55.93786565512717,-38.30696273924215
Tagusao,11.610681732707263,115.2960363210999
Jurado,6.366537225367196,-78.65874222263999
General Pico,-35.15787174274431,-64.0908959118368
Niscemi,37.19049549104297,14.302721753803297
Atlantic City,36.3101982947513,-72.10978209679367
Broome,-18.010737382185766,123.44220187956921
Kavieng,5.2406106280377145,156.96373512935446
Jumla,31.445423364542876,82.97703737135657
Derzhavinsk,49.42197254401296,64.96616513396955
Taolanaro,-87.96759404254631,63.84791791925741
Illoqqortoormiut,88.84924770722282,-28.77332253420184
Manaure,13.748701266186913,-71.99487729077293
Vila Franca Do Campo,33.805932053224694,-24.21280951503718
Albany,-83.24170802022569,111.58478245496184
Juifang,26.836172003560065,123.11998721336573
Punta Arenas,-64.21573486544347,-91.56948870318968
Kamenskoye,62.53111904266672,171.52797683620463
Barrow,72.85156480196457,-158.03724883787902
Port Augusta,-27.727275297173165,138.5765869249114
Ushuaia,-69.43174625455859,-78.656182449664
Vaini,-67.20244052553807,-177.638214310228
Rikitea,-16.02092753221953,-111.32165990084084
Sisimiut,63.59028414331385,-59.405703727813545
Meulaboh,1.407770403195883,95.19791226120299
Yellowknife,89.15416517807878,-99.29604658958954
Provideniya,47.81644404065898,-176.0630454248291
Busselton,-55.28271668147886,85.43828387216439
Port Alfred,-78.01904191100158,45.46126526413724
Magadan,55.466302591586754,150.8861505536634
Vostok,47.63418651927978,149.3901207456426
Port Alfred,-67.11223896810515,45.08821391151392
Garden City,38.30161659618565,-100.53588380364154
Hermanus,-69.27108533628262,10.218919263973817
Victoria,-6.518707178785803,62.29477128825147
Kawalu,-13.239647044860632,106.70704763341865
Avarua,-17.401139307473088,-160.28630283838527
Avarua,-51.54674960955241,-162.25367207360074
Albany,-81.06543406793601,93.65901030345623
Touros,0.1654677991760991,-28.788889872066505
Bethel,46.94819238124123,-166.34145501473733
East London,-42.59211623245571,33.89278807743369
Nikolskoye,40.43255233419697,169.6883817597395
Rikitea,-38.392940120855116,-131.46191759487692
Samusu,-2.9258868142492673,-161.57184565069457
Rikitea,-54.030290193237306,-141.04535296882136
New Norfolk,-80.49980550149013,123.59227495814565
East London,-59.54671592995041,44.21947121274195
Berlevag,89.70998862144245,33.279065520070475
Trelleborg,55.05150900516506,13.15058230140238
Kahului,32.88340701995857,-150.2087223410317
Egvekinot,57.62305872421672,-179.57974329267626
Georgetown,9.997500301095371,-55.90830236748057
Mataura,-60.693664576596525,-150.64370283856644
Hobart,-87.04255900831258,142.02426328529032
Punta Arenas,-89.15380662879787,-95.89065889007372
Hilo,11.692614309246153,-156.31743229023456
Taolanaro,-87.2216386140518,64.63907725334008
Upernavik,77.08362671231296,-61.13340103463939
Namatanai,-1.936565868931666,154.1089898059406
Hasaki,25.207832202608557,155.82029836751934
Carnarvon,-29.66291494960805,86.16785560363479
Taolanaro,-65.58940030324494,64.23689929204002
Albany,-81.93554068832705,100.56804040057153
Bud,64.64012646152275,6.570705207896481
Ushuaia,-68.30355449645616,-71.24745777485587
Ulaanbaatar,47.075676645696404,108.06213705469867
Tasiilaq,70.20413574582057,-37.76457858303269
Berdigestyakh,63.357245636668296,126.0625257497199
Lucapa,-7.520736865986677,19.05828898094265
Hithadhoo,1.6551468638052143,75.75046525885293
Raga,8.016538634602043,26.087853199965167
Hasaki,33.72208582385065,150.70061256306906
Altay,48.378593457373455,89.75856415366098
Saskylakh,80.82772308663911,117.31043067154616
Fortuna,36.890429257038676,-128.930745640005
Albany,-69.1453655412458,120.5590337288869
Saint-philippe,-55.370692704360025,65.81058574032096
Mys Shmidta,89.65812103397082,-171.72470254201846
Acapulco,5.273347980513861,-104.13742285551277
Kalmunai,6.897488511901869,86.42338206260939
Berlevag,79.36909652088823,31.341098462252347
Berbera,10.16137064526913,45.899842430497415
Leningradskiy,87.33461793860843,175.94783066608113
Yellowknife,85.20751023156546,-103.19897698370674
Islamkot,24.300921945935855,70.07441170884192
Bredasdorp,-41.837158253461595,19.22602906814754
Kavaratti,12.482623070423998,64.82150388436762
Jambi,-1.6793258302181755,103.22201517802239
Suamico,44.65656192116657,-87.96629723309157
Barrow,83.92083002203913,-150.9251675558574
Kieta,-1.1875877682292924,158.28590448355294
Upernavik,89.06196323079982,-42.0140836154726
Rungata,0.8456424645851257,179.72536490828406
Todos Santos,23.13512931997589,-111.52114920908983
Qaanaaq,89.14005834154051,-64.83947682526866
Portland,-43.87326133733143,140.93110792399608
Busselton,-88.65434845439395,87.01779549425538
Kenora,50.08796194340897,-94.54644780413307
Punta Arenas,-81.12960673900454,-89.22609055515298
Belushya Guba,85.2042581032722,49.466162459383554
Mataura,-75.34717661619497,-162.35156561273567
Mutsamudu,-11.123314369360855,44.90419745810331
Cape Town,-63.254120647277645,-16.31690141011927
Udachnyy,67.64433940508016,114.98468854372834
Tuatapere,-55.10124163011506,158.59659863632612
Bengkulu,-18.26046619524095,86.53249617019492
Qui Nhon,13.687438195691456,110.14592112926385
Ribeira Grande,43.200970781890106,-36.07344417512411
Adrar,25.184064132083506,0.993456261425024
Albany,-71.54089343630429,100.60730104978398
Neuquen,-39.465127035181766,-69.0602115673474
Hithadhoo,-12.017100783219817,71.47319913535469
Atuona,1.5942105340049437,-120.84888751379215
Punta Arenas,-87.26658139300012,-95.738402954885
Punta Arenas,-83.43132693472631,-97.06471848007183
Rikitea,-18.896396772611936,-133.83119545402366
Peniche,40.60828620765969,-13.802744190653243
Norman Wells,72.74045251377785,-125.99829119334089
Aurangabad,19.81184277047612,75.2326026777396
Ushuaia,-73.16282289763983,-64.4935970016773
Amderma,72.65704199211928,63.96326109826782
Busselton,-59.98144320708064,83.96356751068578
Taolanaro,-65.55593401713855,57.82956400911527
Lolua,-5.186478457279435,178.1226833023719
Nikolskoye,45.81916440884166,178.8519525395635
Georgetown,-5.402850252821281,-10.200059176707924
Tiksi,75.2729566395495,127.66932394123171
Amarwara,22.12093856590623,79.30159690986318
Illoqqortoormiut,86.32741474587718,-22.683758129982863
Ajdabiya,30.63852264893906,19.9830133952116
Carnarvon,-30.810667018642626,91.85893033905563
Boden,66.99383179706692,22.320700085200514
Pevek,79.48759756997691,171.03450807225005
New Norfolk,-72.34182209289199,123.65030786105854
Villazon,-22.694623249097546,-66.06850355240555
Nuevitas,22.542207641502742,-77.04479470048796
Vaini,-25.832430624136492,-173.6144317290221
Vardo,84.45436957422848,36.93868611529476
Busselton,-66.0907783822589,97.60109760306096
Sovetskaya Gavan,48.51450135967099,140.23888501182654
Qaanaaq,81.37650808486728,-78.7933341889227
Castro,-51.57034945573429,-89.10620180770017
Gangotri,31.771946296167783,78.86843009435717
Plouzane,47.401512671445204,-8.082923531291101
Port Augusta,-27.267310826139244,138.017482337326
Atuona,6.187509356022531,-142.21789177908835
Saint George,29.595125826339313,-61.19526083419498
Norman Wells,77.85704745374295,-119.93072931392496
Severo-kurilsk,41.0776474921324,165.60139637727758
Esperance,-38.31270426194141,122.55296325408614
Pevek,74.76143801977454,166.27789057915754
Sola,-14.593517618351044,172.93508719364888
Mancio Lima,-7.857823855896385,-72.79903101187824
Sitka,50.02815398524055,-143.83335399491796
Tasiilaq,62.16574633030376,-39.43766368609917
Rikitea,-37.70736459684602,-110.78872295279393
Rikitea,-47.71085973424257,-133.06068826714653
Chapleau,47.80109213985648,-83.09181030652822
Bluff,-88.5115950990944,156.46718573519263
Esterhazy,50.82593761975215,-102.42606946111793
Rikitea,-86.46819042480439,-135.49241274985832
Saint George,29.132540002124998,-52.435415938559416
Mitu,1.276634460966207,-69.23545828110149
New Norfolk,-84.03796715123669,122.56370026924611
Barrow,83.86466661954816,-164.10228382904896
Caravelas,-22.94129576815898,-24.45862143663112
Rikitea,-32.383558843380406,-134.79811811438412
Jamestown,-42.42568382496355,-8.341355999014155
Anadyr,63.32412900074618,173.39295532930072
Ushuaia,-72.69264796905891,-36.58908101487282
Ribeira Grande,41.79891220157538,-34.94086896583988
Baisha,29.243996317755304,114.72976819652109
Georgetown,-11.861116008751395,-16.00786105798437
Quatre Cocos,-16.973699396675613,68.70902477821772
Busselton,-57.16335615352508,99.96519127633292
Mataura,-28.935860706805556,-142.19879409018483
Vaini,-59.5536649462163,-175.94857026259442
Ushuaia,-84.99889358876851,-86.06839019120137
Albany,-66.6956291742201,112.10412201832446
Albany,-67.82487931769597,102.30539206244532
Glendive,47.028150252509164,-105.19674995852587
Barentsburg,73.58335859408072,13.034829089356037
Hokitika,-42.16534228982372,168.88485305302908
Bredasdorp,-65.59977989897482,18.30864811009363
Ushuaia,-61.83733769496374,-45.454178577746774
Kalabo,-15.544996463357208,20.475650214032612
Portland,-42.30163195023375,139.29617312911523
Gat,25.148936762132507,5.156756484635366
Rio Grande,-38.18122881279722,-46.194315602539604
Mahebourg,-49.83776744920626,77.02658340207631
Pangnirtung,67.30220771367115,-64.67510796937944
Iqaluit,58.164643020794074,-69.13495059908516
Karaul,68.68938779154945,83.87230235468337
Pisco,-22.12045666460608,-86.71160369592604
Castro,-55.291246138609885,-106.89400479421244
Cape Town,-68.55158563915423,-4.2346196707731
Nanortalik,52.63562247397982,-34.16316751662171
Carnarvon,-22.950466483261607,103.45484067889981
Nanortalik,54.836096489064914,-36.89364088100106
Ondarroa,43.41884585615725,-2.3780213424286103
Katsuura,27.492646225198087,144.9646251767079
Rio Gallegos,-50.131376745917144,-64.3378756294058
Rikitea,-40.578645209584685,-113.57423650451098
Savannah Bight,18.328908693841214,-85.49235150266678
Ostrovnoy,70.86376023894508,42.285134854374576
Illoqqortoormiut,84.2891659896402,-6.740264157902715
Ushuaia,-53.97327553952209,-60.22021432920705
Khatanga,78.08901002041426,96.53061599363383
Cape Town,-48.58863970291738,-3.344788060427078
Sabang,6.738161843763223,91.3189839073504
Illoqqortoormiut,86.73351884186752,-12.134348357086225
Castro,-51.35818011604397,-102.45031222110724
Kautokeino,69.03252924241497,22.929037724045457
Talmenka,53.89024812517928,83.80333834997498
Albany,-81.17903437599442,104.79885719246869
Chokurdakh,82.72694779337945,155.34956367142337
Nikolskoye,48.78394993750442,174.61647933184224
Ushuaia,-70.71684759819371,-28.95145849132544
Barrow,81.25590161117,-167.22375529190865
Chingirlau,50.037022775472025,53.95474155832662
Fairbanks,70.91590528872814,-144.4347853980588
Anadyr,64.67340464804786,175.8249105594699
Bossier City,32.071087267465586,-93.65061743032368
Cape Town,-59.94219869610727,-12.591937167051327
Samusu,-9.906929113934922,-168.52138915877734
Kozhva,64.75224685556063,56.2744608209249
Hobart,-50.26342466159535,147.97681282487127
Rikitea,-67.6234155410855,-120.22794887230887
Wonthaggi,-38.8488085188656,145.23774297432522
Qaanaaq,76.2775399154358,-90.69947565121076
Gat,26.921836096543927,9.270981818884877
Cape Town,-63.95337910395739,-9.832890119777119
Coahuayana,13.258284935682838,-105.90208482888941
Bredasdorp,-80.91014494660874,24.42121595903248
Mataura,-23.694847421235394,-150.6058521664729
New Norfolk,-76.60558355227198,126.11928202051837
Torbay,31.719149718863548,-45.83309792220285
Guerrero Negro,18.758201621403174,-125.10352360906194
Nizhneyansk,88.66808158331986,143.03233719635745
Chokurdakh,88.56946408910042,157.19780820845978
Clyde River,68.92483798190673,-69.14367780604015
Bethel,51.598187627581666,-162.1511450920842
Sholapur,17.652819964784882,75.97948911430927
Manzil Jamil,38.43688558192261,10.100796775837608
Hobart,-86.38638805907978,135.7833330761332
Wichita Falls,33.74633452242088,-98.18558917767903
Castro,-43.16567806946153,-85.72040519004965
Punta Arenas,-69.1229181383721,-99.17191097242694
Cidreira,-55.53315415213092,-26.369658954883334
Mataura,-36.721699354493936,-153.21933972934903
Taolanaro,-47.788885039911776,55.798082597029065
Yellowknife,81.87329982389386,-99.55598138978485
Sobolevo,56.86242383776283,153.98683923970015
Cabo San Lucas,8.355932637870993,-116.56137532137105
Jamestown,-35.095712616994554,-13.852774873987528
Necochea,-48.32993543393692,-56.25533626406458
Busselton,-38.403633369151116,113.90167131431798
Provideniya,51.812549249609646,-177.96009136990463
Kaitangata,-56.00515656062376,171.66207191998228
Jamestown,-6.3588440057069135,-3.051326636556098
Busselton,-58.790542673897576,96.5795412596135
Obo,5.400957222238475,26.457367906686414
Bilaspur,28.864710799733274,79.32249086779717
Pedra Branca,-5.429374647057159,-39.56824319692231
Vaini,-35.07966743098831,-169.1898032123323
Henties Bay,-22.334375973907115,8.35856552704658
Bambous Virieux,-30.13055389750111,68.97139270219625
Punta Arenas,-80.58693905982571,-96.66706117665937
Barrow,85.43207632381561,-165.66786889660878
Beloha,-29.347928504624676,41.64157421784421
Wahran,34.63510382299364,-0.2584471569681739
Albany,-60.42098959092732,124.07618765740239
Mopti,14.199937122518378,-4.200191774163159
Hobart,-72.94255301527534,139.28452608380803
Buguda,19.82394706519547,84.73839055053327
Vaini,-34.595057144730205,-170.453169509109
Cidreira,-49.39133439120466,-30.822265156808555
Hilo,14.618324109273289,-135.5494111526628
Nikolskoye,56.974818921009046,169.18919570380825
At-bashi,40.829546581243335,74.73990889128459
Kulhudhuffushi,7.554294348892114,65.59581135463304
Rikitea,-54.62453532094723,-115.27432012579754
Tuktoyaktuk,74.08286257246957,-132.41254230782056
Nome,67.79199979033538,-163.12457197390523
Bredasdorp,-76.108111433186,16.3312647961138
Zaozerne,43.70048255621228,31.672874939503572
Georgetown,-20.392957135458033,-22.94184527497427
Hasaki,25.113280892869653,161.7135938702608
Lalmohan,22.133829020534748,90.65435752033045
Qaanaaq,83.1428304401961,-94.22569791824138
Najran,17.251416962949477,45.78292975840424
Mataura,-70.78144989594696,-159.13649650784205
Butaritari,9.80785350438606,171.37833461230701
Teguise,31.6410266454275,-12.760331646256105
Rikitea,-68.0867294165955,-129.176118750481
Quatre Cocos,-17.722715703992407,70.64217232105344
Ponta Do Sol,23.449300016741276,-31.661638710538313
Mayskiy,48.32289806825031,139.7450893431942
Garowe,8.058402494301063,47.100017468125515
Asau,-12.345933407653206,178.9800752088617
Bluff,-77.01839026811169,172.10628372057613
Rikitea,-18.64785793413199,-133.12426468899463
Tacna,-18.0161147506212,-70.65264124187395
Kununurra,-15.798241585503845,129.04600249746795
Kapaa,32.02967380393268,-174.50228333350884
Borkenes,68.92067250049095,16.324921580207103
Esperance,-35.521436366888615,125.28610356628548
Kalundborg,56.00036748544957,11.129482166020153
Vaini,-83.13037575254832,-171.10144322535476
Torbay,41.02701795396766,-44.13609321956619
Tiksi,84.19418394905892,126.03531701223358
Arraial Do Cabo,-53.494804256143695,-18.202904591540403
Awjilah,27.00203429033604,19.650028894119174
Bredasdorp,-65.47633935230145,20.07670540211646
Almaznyy,63.849114894868194,114.87612768786624
Ahipara,-33.38291355251684,163.04111098174275
Longyearbyen,81.25812177830909,20.688380042656263
Cape Coral,26.560429302473636,-81.99212878860264
Taolanaro,-47.64431887359902,60.56128142162399
Vaini,-72.74484758320668,-175.7664827020505
Bagdarin,53.801349987854735,113.57572882632354
Phultala,22.685964346284706,89.61344324689236
Ushuaia,-88.56391089936565,-48.11420982571963
Taga,-14.031868315007074,-172.40000837734362
Puerto Ayora,2.0182093155563336,-92.63226115946611
Atuona,10.371240331800792,-130.5301169106509
Khatanga,86.89823066221061,99.35558593602798
Nilokheri,29.817234456402744,76.9054898932385
Tiksi,70.92630564768274,130.4055102394609
Nanga Eboko,4.322927766283655,12.475146736576363
Saint-philippe,-48.395205720721954,67.74299598196473
Khipro,26.25280541613492,69.93502605601788
Sotnikovo,51.91555015773264,107.39002840243381
Haines Junction,57.84268333252143,-142.92163066222162
Saldanha,-38.92918942929073,0.5251642757942818
Taolanaro,-80.8114798752479,66.922396790763
Atuona,-8.896020340649272,-127.97287235370891
Torbay,46.941760630165106,-47.66970850112244
Ushuaia,-58.52341108684533,-58.38634951581082
Iqaluit,59.958208297374426,-68.97919883893118
Champerico,9.687232946452255,-93.32850885469996
Guerrero Negro,21.577443693073874,-122.01901802121009
Praia,14.996818016159395,-23.357844464515097
Nikel,69.25192371712734,29.982931221921234
Shaping,22.694874373433535,112.67292514535995
Vaini,-22.076892754477228,-173.47328205106086
Zhigalovo,55.02696469613042,105.38314308880535
Kandrian,-6.611960687313683,149.12137872065227
Half Moon Bay,36.15290299465772,-124.91044800349991
Biak,2.877112027402063,136.22623879480614
Nikolskoye,57.197381996102195,165.04522636941317
Cocorit,28.01962709894474,-110.05551194495268
San Cristobal,-11.913720332308415,-92.03184993827864
Aleksandrovka,52.60287056785228,54.00927950344234
Voh,-21.115859124671886,164.51142199044403
Busselton,-50.036149760593446,103.86759522247525
Port Hardy,49.34533478549602,-131.42583655160598
Cherskiy,73.51533842118337,163.39079954012755
Yunjinghong,22.813849488204497,99.35366223179778
Bredasdorp,-86.84071460591854,24.468964747108146
Hue,17.296607783911753,108.06514723271079
Ostrovnoy,78.06007129568434,41.24992160058014
Abay,48.67176473836571,72.95958746399234
Castro,-44.58675151160659,-98.98985673805252
Touros,-0.7179146031498789,-29.55637346388113
New Norfolk,-85.95370835509176,122.5019531147189
Buin,-7.683738340508313,153.7108236593453
Dingle,51.42762760168168,-14.239735111542188
Dunedin,-46.103462287434844,170.98812699682446
Mishan,45.52749143476572,131.9263315697819
Albany,-78.54222900029508,105.41235904318228
Salalah,13.807675191425673,62.788217501472985
Georgetown,-5.750196284604982,-12.29259977940552
Spas-demensk,54.39832517091699,34.1245960922985
Tonk,26.21803985531531,75.72983288830281
Zhanakorgan,43.285183045219725,67.37137856538445
Tuy Hoa,12.989076562494589,113.82085766228579
Monze,-16.252903254768157,27.684098594419368
Mataura,-72.81650766230287,-142.8634455131459
Kedrovyy,58.79637916367284,79.55485683441509
Port Alfred,-72.46037858101846,40.15923298632325
Vilyuysk,64.7498308891052,121.8520821088344
Jamestown,-21.26892601297193,-3.192670932193778
Sangar,65.30952020797119,128.89378164618336
Barrow,84.23795659507041,-159.49787412732167
Honiara,-15.332264406771287,156.08895544048198
Azul,-36.76052411235825,-59.981286860497065
Maragogi,-10.154053116662482,-33.36622371682452
Diamantino,-13.477314186325302,-55.8858163104604
Albany,-68.7499443490809,105.30333431591163
Port Elizabeth,-86.47250489781537,37.98590844441139
Yar-sale,70.46013907067305,73.15205238112284
Maniitsoq,61.820084663302055,-58.98267064024185
Rikitea,-59.84788692108404,-130.85037044358
Mangrol,14.183230942412948,64.01828457823672
Hermanus,-70.57577666938496,11.054015503574647
Cherskiy,85.51984015837172,164.02867764046704
Ushuaia,-85.33655583880359,-70.67999043733938
General Roca,-40.426713917152725,-66.8558630112342
Diffa,14.026195977243574,13.835437733324937
Omsukchan,61.79120380045077,156.02756397853994
Butaritari,15.24013680452083,176.7177091923374
Manggar,-2.1355289072113806,108.67095456283977
Egvekinot,60.4297479188582,-179.42235777672985
Zamboanguita,8.985006375983076,123.35837832850501
Taolanaro,-67.32719706982587,61.90549953114797
Rikitea,-84.31228124539506,-134.5589042447372
Jamestown,-37.232042606131195,-18.809999028314422
Avarua,-38.51638278455848,-164.1027650109848
Rorvik,66.81945474585197,10.412905937946078
Georgetown,-6.032544649150026,-17.01749619474822
Avarua,-19.024463524327786,-163.06961510068965
Pavilosta,57.06122113001379,20.508795011316266
Pisco,-18.800763384636028,-82.52880242521644
Mahajanga,-15.405073951752968,45.16185301123778
Barentsburg,77.4198933861573,6.294231968206418
Busselton,-58.01318266048979,98.44140628957922
Mataura,-73.60553746503543,-159.89496074265747
Hithadhoo,-9.909251695554502,67.37694738259995
Svetlogorsk,67.52072949722188,88.1632660732867
Dudinka,75.27276274679363,86.44654494876846
Port Hardy,45.931043996199435,-136.80094174171685
Taolanaro,-47.879077433683705,57.31793007081785
Mataura,-52.83081650374861,-160.35627328497677
Sorland,68.58550329680864,10.659666347910786
Kodiak,40.577625521772575,-150.7184825048562
Djang,5.406653123550072,9.97747916139403
Ushuaia,-70.11816457170372,-47.82957186146109
Zimatlan,16.89934159608461,-97.11571401864286
Bluff,-60.12321974370235,158.43717653338518
Bredasdorp,-54.527936483541374,20.7426676560398
Vaini,-36.76884897284541,-174.95400715620818
Toktogul,41.36915630686849,72.98513095236152
Punta Arenas,-73.28462657490371,-89.32405545917702
Cape Town,-71.31394603928693,-17.37565408962857
Ostrovnoy,72.38903689804414,38.63251482876632
Lavrentiya,74.34628338487218,-170.38686075660803
Rikitea,-46.14586331384568,-132.51094611217627
Vila Franca Do Campo,36.82496504990155,-24.40937127972157
Suzun,54.17614094796562,82.71354027818109
Homer,58.93578380293289,-149.83886509231834
El Centro,32.73134773294562,-115.83565214040102
Sao Felix Do Xingu,-9.809082700001838,-52.468698890856786
Agirish,63.27506830601595,62.90726404574826
Mahebourg,-33.55356274218604,68.45960228265119
Atuona,-10.148621497302301,-123.6975728742712
Jamestown,-17.197987402423053,-0.4347542167484164
Bredasdorp,-84.06634916686092,21.33259769294716
Barentsburg,88.16965399559345,-0.7604545181469007
Toritama,-8.09116454363513,-36.059562023214426
Baoning,31.419842920335924,105.83382136408198
Coahuayana,10.946188993608331,-106.83799668577143
Abasolo,24.212156350875972,-98.24219802551941
Hobart,-89.44167796057833,141.33339543902213
Hithadhoo,-9.162270349657206,84.30138042174661
Punta Arenas,-71.87390514862122,-110.30012245399465
Hermanus,-56.69142507116584,5.626788097377158
Pisco,-17.967139602058495,-86.29335878426184
Butaritari,11.999671164174003,168.94400000765597
Punta Arenas,-56.641517016946096,-103.47813010643807
Punta Arenas,-51.958705847717354,-82.35363286710866
Samarinda,-0.8131049583587782,117.66027957233973
Samarai,-15.310702967677912,154.6640061244346
Makokou,0.9845712981854291,12.838818701229542
Atuona,-3.1810579917802073,-137.55141194953183
Esperance,-45.093436722620176,127.29558914453719
Namatanai,-0.95274173325258,155.72999587017193
Krasnoturansk,54.30340365673712,91.32868906589431
Orange,-33.35574429810012,149.04824202835067
Nizhneyansk,88.79454941002294,133.6826827462956
Dikson,86.31027724358196,87.71217541969003
Kautokeino,69.25543169078014,22.28714161283966
Aguas Formosas,-16.978582077566145,-40.806064771417766
Mataura,-81.16576439357556,-149.08421165277815
Pisco,-13.914383093662323,-77.508350595762
Qaanaaq,76.43643777468156,-74.58751049725997
Richards Bay,-29.65754868666115,34.68192504708273
Taolanaro,-87.38647199932777,69.42216254741828
Albany,-58.253061089034524,118.71016169562267
Hobart,-41.803717014262745,154.79305489775982
Busselton,-72.00448189602199,83.23606049789129
Champerico,10.260525413004899,-93.89657424347304
Barrow,89.49925867202498,-168.77827442696034
Bluff,-70.30135779182264,167.30434447706256
Upernavik,80.9816741495662,-47.710836284214736
Kupang,-13.297996421723909,123.85867059221744
Cabo San Lucas,15.420720501569093,-117.23210788562542
Pochutla,13.082926373224808,-96.74405518705622
Khatanga,70.50912710823624,102.30190260766511
Hilo,15.986621230060962,-149.37272174546325
Narasannapeta,14.719730309255937,87.47458023831649
Rikitea,-37.524041787339414,-108.97992233344281
Saint George,28.399772146735984,-53.87824846384123
Kombissiri,11.881614252051406,-1.5087847707569324
Caravelas,-19.503744406049634,-37.11010926999214
Kutum,12.509247783992024,24.15522052726834
Launceston,-41.00751489332784,147.54481948382255
Rikitea,-21.45157145430096,-139.64906370751902
Mar Del Plata,-58.72476395075458,-32.19839609361921
Severo-kurilsk,40.45214148385219,164.46854305098822
Mataura,-59.542731485099516,-142.1475306392239
Butaritari,5.050777106546263,164.57083881419322
Mataura,-34.38650716617195,-150.1080274986134
Punta Arenas,-63.85642434838364,-99.72275252272267
Louisbourg,42.440802975628344,-59.26581703327932
Vaini,-43.87607953017822,-175.5518633477164
Kavaratti,10.823341710328336,63.98405475229268
East London,-75.53230197248982,55.51002925530025
Narsaq,79.05301461688094,-67.31610950712768
Nanortalik,59.21732554339712,-38.988299291171785
Longyearbyen,89.7265366841784,24.52059364767439
Saint-philippe,-32.37386382198903,58.62722251421127
Ushuaia,-70.64488821017767,-68.48550273802874
Los Llanos De Aridane,29.75161691399836,-23.361890974338593
Castro,-43.11161544081834,-78.96687319949925
Nikolskoye,50.878476284815775,164.3571804322999
Vila Franca Do Campo,33.660967037862235,-25.123457591295022
Longyearbyen,77.91085673281438,20.651873414007355
Busselton,-83.88628392419798,79.43439559895864
Pilar,10.830060458373936,129.93997447176326
Puerto Del Rosario,28.26376892674942,-13.379223125128703
Lebu,-38.09205385828466,-83.22612093103977
Hobart,-87.12545205727916,143.50920306141313
Punta Arenas,-53.80785938851747,-91.16734754067977
Guerrero Negro,17.534528525735638,-125.05875722412605
Kruisfontein,-45.939761567850596,25.863051865351707
Castro,-48.15638109745369,-103.23040076841524
Barabash,43.4622091212037,131.41203092209224
Rassvet,56.87883884679405,91.9438143401864
Yellowknife,79.43768627659847,-101.78082558019209
Attawapiskat,54.29340739674416,-79.78975733061331
Gamba,-4.16375986327192,8.271038795423493
Tsihombe,-46.14623115137745,48.87410378806089
Adamovka,51.28174580707011,60.10157195606635
Yellowknife,67.2450463930048,-115.42452259690161
Caucaia,2.2961602599271203,-34.47951680610316
Houma,28.013960786753316,-89.80294537110011
Hasaki,29.23914115900199,150.15364755907422
Harper,3.8314494419553284,-8.623055791299436
Nizhneyansk,76.94683440840205,135.79875303724128
Lebu,-33.14857128044942,-103.77640004904062
Illoqqortoormiut,79.93838134839746,-19.30276974457135
Qaanaaq,79.91337308535637,-93.27614632198453
Isiro,2.9647887415098353,26.60552680788487
Cape Town,-56.42963290554343,-10.43428850549202
Rikitea,-49.4376121190471,-141.4480535644151
Klaksvik,75.12976961520604,-6.087183928879881
Avarua,-76.668848128495,-167.44533657512665
Bluff,-56.52549120764024,164.88511291578055
Puerto Ayora,-9.115465652633574,-99.05123867387937
Albany,-47.37089781148208,120.02128234485917
Clyde River,69.94208544310567,-67.0659686405103
Rikitea,-74.6010003733463,-122.529138703548
Hasaki,33.37649309897871,150.7513277689573
Hilo,26.491062650165347,-143.55831090914575
Bay Roberts,47.801153508851826,-53.86427327849634
Punta Arenas,-80.32464822936807,-119.15461948481567
Basco,20.888038206236146,123.4071647918326
Yellowknife,66.86205208630247,-107.64808234074629
Castro,-42.70562896013211,-93.63104574065983
Atuona,-4.587591513936545,-144.11000539889125
Hermanus,-81.08890923390545,-7.263310180409576
Ushuaia,-83.25799451571338,-76.68373667586093
Chernyshevskiy,63.96445155904672,111.50633504833496
Vaini,-44.82126323270272,-179.64816522718723
Vaini,-38.29559494927097,-178.5312257564778
Fortuna,33.55497738977995,-139.965435509454
Urubicha,-14.908868693119018,-61.71372904071498
Chaohu,31.420710519058133,117.71411148505308
Avarua,-23.703474743181715,-159.22109272896975
Severo-yeniseyskiy,64.25473723929386,93.02419795702741
Hilo,12.93477394288064,-139.84860775828034
Hammerfest,75.74936107141423,21.475217201150315
Hofn,63.65265956879989,-12.961237131934837
Bassano,50.314902862816325,-112.37508145999261
Atuona,2.184676182689614,-121.45356645677866
Nanortalik,55.252298760699745,-36.77966879684118
Sinnamary,12.551768826142506,-48.71081917792401
Thompson,55.205889558542395,-93.54675495559357
Ponta Do Sol,18.520691843638943,-37.907185802080335
Yirol,6.885965894708761,30.102572391571954
Bengkulu,-17.88706149993925,86.05159872415254
Mataura,-82.33500343861695,-146.08056809593177
Saint-philippe,-29.703435562593242,57.40038046361522
Bredasdorp,-61.535399213015076,17.07179202028877
Dikson,81.97079752063007,77.71216170331161
Hithadhoo,-14.633753543084197,78.12079201013785
Albany,-58.577077008635065,103.82732249885754
Rikitea,-50.08266621742105,-117.153851470312
Codrington,20.734508202695807,-58.57920922069344
Houston,53.295566805731,-127.23657177331296
Georgetown,-15.451161054983373,-21.39459084523665
Ponnani,9.954801487823389,74.88008197809145
Barentsburg,81.60764777660364,5.740729230868112
Puerto Ayora,-2.4449076434344903,-105.85660446342536
Mount Gambier,-53.35539978483919,128.6426286730064
Kapaa,13.29514236763039,-166.92117924494673
Sentyabrskiy,37.070768684198455,154.42056863802958
Gornopravdinsk,61.47409342790388,70.02797838654112
Tiksi,84.06446895056607,126.74126785123974
Bathsheba,17.06794725885274,-54.848894086913916
Vila Velha,-23.345315660547698,-35.00293412834006
New Norfolk,-52.43530022717009,137.65130184406007
Faya,20.93760753686189,24.29230271218364
Severo-kurilsk,33.16702305965461,166.67019841377908
Georgetown,-10.860204079154755,-20.67657386450591
Vaini,-36.66759403512434,-172.0548723552612
Gornozavodsk,46.618097315540496,141.538387205358
Baie-saint-paul,47.60479256030055,-70.56417996364615
Khatanga,85.66353968413674,95.89626662030003
High Level,58.32304966081179,-116.10785367738703
Geraldton,-27.32968407345416,116.70907532345245
Tabou,0.44182924777123844,-5.517832538717727
Puerto Ayora,0.40253558751587093,-92.917234113297
Ushuaia,-68.73814839022398,-49.434713230210605
Thunder Bay,47.907038088664706,-89.998209479256
Albany,-72.13512583064745,113.20821190185234
Mataura,-57.453083541925466,-154.55110365677714
Bluff,-69.3113138900928,153.70716280457583
East London,-68.09889709450246,52.61332640085945
Taolanaro,-59.62312123039488,58.04862872866383
Sept-iles,51.41121800403434,-66.85708275043528
Bredasdorp,-46.52196309382029,19.325006022354046
Pafos,34.07211358977676,31.157719690504138
Meyungs,11.231997761680347,133.190185106846
Bredasdorp,-58.02836564418189,18.525968910018804
Vanavara,61.64532702896159,101.07849066032287
Meulaboh,2.988248569367613,94.42906127952887
Upernavik,86.42828485981761,-46.157931535077495
Rasskazovo,52.45250276741419,41.946858783992894
Bakel,14.445449214455138,-12.538878878760386
Nabire,-4.035861155625966,134.40571620583762
Goderich,5.431219005301415,-19.13471251532374
Sabha,26.364870356906266,15.46117394655542
Kapaa,21.208878050352794,-173.18274511399557
Belushya Guba,81.0295768690847,47.120258981428236
Puerto Ayora,0.68629269816104,-91.8031504289231
Tasiilaq,68.45880088114981,-42.639262310986624
Labytnangi,68.22420091182627,66.7842788269786
Alofi,-20.915900817739583,-165.33459545447198
Kapaa,32.88311857770776,-162.37086481307824
Empalme,28.17620037924266,-110.70510417982312
Palu,-0.11128770735489013,120.54395071948596
Barrow,88.63262771213354,-153.22004522512853
Sitka,56.42937591088281,-135.54151050374747
Vaini,-55.79517091045097,-179.16857613632274
Viedma,-45.71818128049714,-59.201934200689195
Vytegra,60.29907574233087,36.21879101498638
Chokurdakh,87.92213481849166,149.7311175854624
Broome,-14.773119458531639,122.7502818671378
Barrow,77.54091856232674,-153.14953092208728
Albany,-85.66522435060341,117.78099647969071
Kavieng,12.076246331161286,154.8172124444427
Grants Pass,42.76927419374837,-123.8644007461572
Sorland,73.8912065002863,4.350959372776458
Lumeje,-13.156355358951942,21.218237028462852
Santa Maria,16.413727122952935,-21.504955800047384
Fujin,47.290486760029665,132.57754879800166
Sangar,64.90504939130085,128.5498659861252
Kapaa,30.862987892000646,-163.35238563712468
Cherskiy,70.95373663691063,159.7645111951265
Lake Havasu City,34.480721900304374,-113.68328168644709
Havoysund,75.15834396139999,25.173938465981337
Hobart,-43.50399925008808,147.21330358148873
Dikson,74.57034612254597,79.13220556135855
Avarua,-31.91380390382804,-160.50405343444228
Atuona,-6.747962646470555,-136.29869146926467
Chapais,56.97262824516113,-72.54065016537706
Tazovskiy,69.40673275965085,77.2568854498731
Arman,56.65745811320025,148.69083655785897
Albany,-64.35150010555319,123.27057484357863
Bambous Virieux,-30.831249914295597,73.84528382021617
Lavrentiya,62.0317902957749,-168.96420760171242
Kamenskoye,62.095370947767094,166.85766936059935
Kaitangata,-73.70379187367274,179.12486028460052
Port Alfred,-69.38210992876849,43.036022866203695
Takoradi,-2.250422489792399,0.5866578387797858
Rabo De Peixe,40.087951584288476,-24.86632798049692
Vardo,81.50178058480253,32.746800724621465
Severo-kurilsk,42.01124682184064,165.13779612073142
Busselton,-60.89717330264294,84.17696788647623
Busselton,-88.41594162692148,80.3784259371185
Avarua,-51.124246736840014,-164.93672932159998
Chokurdakh,80.7911888281877,144.65345250026678
Vaini,-50.68897373048981,-176.20050384691692
Havelock,32.525388459738224,-73.8057367988583
Semey,49.75813684459874,79.55936804939199
Korla,40.02078674590348,87.82470212392292
Arlit,20.55109847610545,9.030629850958348
Port Alfred,-35.28888247478861,28.46530178574139
Ushuaia,-88.58772562479808,-84.42863121840445
Carnarvon,-24.608725114242915,113.85121497568576
Amderma,86.28021984797721,66.22721266135355
Butaritari,11.838484865358595,162.5075949178555
Bluff,-74.54405233338423,157.2427303482204
Lebu,-35.11220878358959,-89.659315736101
Nobeoka,32.3335101053966,132.30720655787275
Tsihombe,-46.59714672722622,46.50070329541339
Port Alfred,-62.17469724697244,40.37508151733783
Punta Arenas,-58.74314008932487,-74.76915564065223
Mataura,-72.76219885022559,-151.36527738958705
Rio Gallegos,-51.297063959711295,-65.51528728902639
Rio Gallegos,-48.819470251720865,-70.99784173931354
Alta Floresta,-8.957719859694578,-54.642725007634226
Santa Fe,20.95237086311053,-83.46079694807757
Chuy,-56.45520867059557,-27.16952076884209
Komsomolskiy,72.75078150271517,174.40931214652278
Sorvag,63.10650381083326,-8.730160337983165
La Ronge,59.963533909971574,-107.51064839450633
Arraial Do Cabo,-23.870812147465145,-41.80415331705274
Bredasdorp,-66.17301640822288,21.67417344357233
Yellowknife,82.61421433954251,-114.11303281852355
Tilichiki,58.93421394660032,169.5994170686746
Ostrovnoy,70.04441793420719,41.59799097584542
Georgetown,-5.761247539240259,-7.127800865906039
Sabang,7.086157096346852,95.581992559318
Lagoa,49.48273857814283,-31.067374497476266
Medeiros Neto,-17.35564414693242,-40.00673210284799
Georgetown,-15.36439764463212,-23.85980754156742
Ushuaia,-84.58214972592977,-23.032304704155848
Abashiri,45.19198951344583,144.39434342784625
Port Lincoln,-46.71028283909196,131.14667179686586
Marzuq,22.250891933106658,16.34803110640823
Taolanaro,-48.80708123708444,57.67053825225332
Port Alfred,-66.84096009763809,38.782493074500735
Upernavik,70.97645495598229,-58.72296815877971
Illoqqortoormiut,88.13880691161762,-21.12969466034511
Bida,8.445249399990914,5.993068938071275
Barrow,85.19173962193673,-144.3014054277673
Bredasdorp,-82.89096317154714,17.504601498043257
Albany,-86.31354600009288,111.32583418546318
Port Macquarie,-36.902354192322655,160.77360762838077
Soto La Marina,24.04220544834307,-97.45229734706575
Nizhniy Odes,63.57211984615222,55.6034256670693
Sao Joao Da Barra,-32.42639806525264,-24.304700368564852
Atasu,48.16627198458133,71.1083200183703
Hermanus,-55.39323625773154,15.187623301889232
Zolotukhino,52.082376487178834,36.231283475847306
Clyde River,72.3653684820116,-74.87019859787978
Qaanaaq,89.25576127467477,-96.76579332785525
Punta Arenas,-54.3576593048537,-93.73009585265743
Bredasdorp,-61.55894120268391,19.80891024294405
Puerto Ayora,5.402659595533265,-98.1455074443828
Hobyo,0.5210665032086723,50.83013430141506
Tuktoyaktuk,89.10460761668332,-125.9970213391262
Qaanaaq,86.44026244252021,-74.99218024822035
Palabuhanratu,-17.560131484664822,99.35136716987381
Manokwari,2.919863933561629,133.7466070319503
Qaanaaq,79.42643885117204,-87.70557302738473
Pandan,15.86286730978928,123.9218356890222
Mananjary,-22.00597490996651,49.28891791670449
Inirida,2.698135648430778,-66.94493614064088
Jamestown,-43.738324903058725,-9.871419536430949
Liverpool,39.74425723477148,-62.10082740173445
Neepawa,51.22970824812799,-98.66579902555154
Tarudant,29.10927292724537,-5.973466864293556
Rikitea,-23.343031618768208,-116.10509120652061
Ushuaia,-74.51315034010523,-30.13763262704191
Longyearbyen,75.97029798161682,16.44366242629951
Hilo,12.486426798918515,-154.46261479150562
Kodiak,49.40754768557696,-156.40787856608515
Hithadhoo,-12.937576446527018,84.41217902764089
Red Bluff,40.143061418516936,-122.0081061678959
Ushuaia,-68.40784765896791,-72.10993721244702
Talcahuano,-31.568559307156626,-81.80319236821002
Severo-kurilsk,32.580139123373414,164.82195476443246
Saskylakh,77.19792047908834,109.95868850205517
Ushuaia,-71.69906426426186,-25.195253461438256
Nabire,-4.653036933188531,137.12714080115853
Atuona,-9.270674199198467,-144.27288591434717
Albany,-53.9335425168096,110.79848388116619
Prachuap Khiri Khan,11.660668199173855,99.411971484709
Port Alfred,-89.78055634064604,56.49449784172461
Iwaki,36.43274728088767,143.67518430149704
Ibb,14.167487241420702,43.877070885896444
Klaksvik,66.9177765166387,-6.002337603013586
East London,-58.749880075916224,43.73165763222647
Kodiak,53.10195578292249,-153.92178054263587
Ponta Do Sol,23.88893301735844,-36.9201913653427
Awjilah,29.100645773912163,19.57033418568639
Kutum,15.059415374974748,24.456988557248195
Punta Arenas,-53.14822551578007,-70.84010811007938
Illoqqortoormiut,77.38156696548248,-17.124046766769368
Nirmali,26.35750603350425,86.55426321298347
Hithadhoo,-13.42093316773709,72.97428391718734
Tasiilaq,71.81446631467739,-34.51026834551547
Rikitea,-26.998245247904357,-118.28994910074846
Rikitea,-49.10832912131777,-119.68591036842608
Barrow,83.31986016972627,-154.17930291800286
Bambous Virieux,-33.10707405819556,74.49366951760081
Nguiu,-10.78019758061933,131.61872762388367
Carnarvon,-24.105625182697068,106.25559511685248
Tsihombe,-49.35478154539245,47.98564592510792
Chemainus,48.94548782507681,-123.72208814989204
Upernavik,76.98574753036056,-61.56116266341935
Aktyubinskiy,54.713227712607335,53.09977543877841
Saint-augustin,50.861730255632494,-60.290404291513994
Cidreira,-59.09256139490773,-20.833197425219367
Xining,34.92506846630235,101.25378633280422
Sur,19.199315920982087,59.09325875346158
Punta Arenas,-72.32849700135914,-100.94619850879769
Hasaki,31.322378291931926,155.80919960570537
La Ronge,58.07105617662134,-105.54561402677994
Saskylakh,71.11842488171277,114.86051087439972
Mataura,-77.38915609888309,-160.36046905483153
Touros,-3.6660983104640508,-35.04426866234195
Kulhudhuffushi,6.880949209918896,68.09128509457602
Salalah,13.803497133112614,62.31622891663318
Hasaki,29.651277500356485,153.07872074788742
Vila Velha,-28.127789462158802,-28.04646419482461
Nikolskoye,45.26271828198617,179.06087122857502
Alice Springs,-23.660158749773288,137.39856241412554
Georgetown,-20.883921349274075,-18.99322823983681
Kouango,4.964551225485337,19.66677845490983
Busselton,-47.93282284576567,83.83904071792398
Yeppoon,-19.499404200320285,153.8807286568865
Kapaa,32.465257711243694,-155.8006091385217
Petropavlovka,50.953460143233656,105.71499659375928
Ardistan,34.0789325287284,52.85848061810373
Castro,-51.00525535715583,-97.40291646079194
Kichera,56.323055414504296,111.34096493641243
Fort Nelson,61.057059446532065,-123.22637301291249
Hanzhong,33.30167273013559,106.23589117379964
Jamestown,-12.11079689716614,-7.465763105783992
Seryshevo,51.05755270515343,128.19294487873202
Rikitea,-28.050638963139946,-121.7474288026666
Bontang,0.47350380146960447,116.66049927299002
Zigong,29.14965351842217,104.69753952356729
Boyolangu,-10.075783274326099,111.74130530000616
Hilo,19.726634220271293,-153.5951286714542
Port Augusta,-30.130421124704633,138.9534806355694
Punta Arenas,-63.255721342176116,-101.96799501713451
Port Elizabeth,-63.94480855575699,29.786985156211784
Atar,22.92067826633803,-14.31774803978999
Ilulissat,71.59911596209429,-44.20364296754602
Airai,17.103829759471708,148.68110265184197
Menongue,-14.611878465585406,17.364475856343574
Kindu,-2.076216139487954,24.55774576930463
Punta Arenas,-75.90126434821858,-118.34375618642203
Aklavik,71.55022167244698,-141.61134647003473
Tapaua,-5.902380206933714,-62.33896043383366
Ushuaia,-60.085711742583236,-57.62831854707652
Bredasdorp,-75.47080830821854,22.98442848376635
Liozon,15.244737598487959,119.72707884963847
Lolua,-4.088046173486873,177.4872939137697
Mataura,-49.682463509177516,-147.30373259703134
Atuona,0.442674234574028,-127.11733850242112
Fortuna,35.124421007570575,-133.63777632575471
Taolanaro,-59.18808747898976,55.434146168120265
Port Alfred,-70.00648008067496,42.19456852394276
Cabo San Lucas,19.693109769588418,-112.18586058437793
Kahului,38.153534609685465,-147.5389441788114
Busselton,-49.29635143400111,97.75068939530325
Bredasdorp,-83.2799755021099,25.676277542010553
Praya,-13.550819906955354,115.83371151570145
Orlik,52.146099897431384,98.30887866683474
Faanui,-12.660200989397111,-153.06467827462765
Katsuura,19.741348202859953,146.28133691860012
Kapaa,27.65829249518545,-159.3075508830769
Pisco,-25.854506094796534,-98.86059021666803
Taoudenni,21.119901805314356,-7.144627219085919
Nizhneyansk,71.28936967954232,137.28923467317668
Hilo,20.818393154750453,-144.26603556302393
Vila Franca Do Campo,38.14762223149884,-24.849097486329242
Zhigansk,70.29755921918317,122.03015027232675
Ocampo,22.801385119863596,-99.29228135980934
Clearlake,39.09273736978824,-122.48714698514793
Shubarshi,46.02796498033749,57.97113779118715
Katsuura,34.3590590022431,140.71614047859902
Denizli,37.27835698753023,28.968566632726493
Vestmannaeyjar,56.026729300189686,-21.84094445336038
Qaanaaq,86.25286540345019,-68.0135731083634
Vaitupu,-7.815789311047894,-175.50101178767227
Guerrero Negro,26.417636759025086,-118.5839862304507
Port Lincoln,-45.17504346091573,131.76585671059541
Pevek,70.12107361935358,170.4123994152634
Belushya Guba,83.70198301614681,42.375489665215525
Ushuaia,-69.486738670319,-59.5340396515991
Victoria,3.209748726564527,61.52181590372487
Apac,2.1351262451566413,32.57058542272236
Muisne,0.8229403146844732,-81.87761620446919
Souillac,-44.13454439271987,71.58419730866007
Hithadhoo,-12.58457815930204,76.27810554341437
Hobart,-66.67607007788737,145.81572827849908
Cape Town,-74.07095500539836,-8.03118801057036
Okhotsk,58.73344789122825,144.01611267890974
Avarua,-19.116221219152024,-155.97996076246577
Comodoro Rivadavia,-46.786676807552574,-65.9362431112412
Chuy,-41.34721612434457,-43.605299247748746
Denpasar,-13.615313925823159,113.66559834590811
Paris,33.53524784756368,-95.5194875805964
Khatanga,71.82882102146394,107.93820530783114
Puerto Ayora,-10.765261391975088,-100.77340534823341
Ambilobe,-10.669313754918903,48.83562245034909
Sao Filipe,9.774541070062583,-25.751995135450557
Quatre Cocos,-15.00837397293678,69.48133322205706
Punta Arenas,-57.63388707266619,-93.13636640470773
Rikitea,-62.87921716910448,-120.58300142738165
Bluff,-79.22188278177101,160.71619284013826
Hobart,-73.95946015056995,139.28878943308695
Mataura,-87.42824811216063,-152.15039407699436
Victoria,-9.099670847773282,53.97730726471198
Albany,-75.00208226710014,109.36779787773776
Qibili,34.004800784225154,8.89109115439669
Taoudenni,23.417982894668853,-5.578293465523899
Pisco,-20.30306868778466,-90.67220964785392
Khlevnoye,52.161899299542654,39.317144578640836
Barentsburg,75.08704421616352,9.369600627864003
Cidreira,-48.58883521374025,-32.63641729129213
Adrar,30.098466976215917,-2.3811414697612747
Ixtapa,10.662011771040682,-105.4318290822025
Albany,-83.16557610725702,108.16634622386903
Zachagansk,50.22942645203332,50.88062020953717
Port Lincoln,-40.576311266191595,128.85821101253754
Vardo,81.81687758710231,35.462475670168146
Albany,-41.39122232129973,116.7145464788756
Iqaluit,64.82858993949108,-79.94015895318297
Jamestown,-34.55006021366372,-13.461549194205418
Kahului,29.579365040574984,-149.35726793805796
Bredasdorp,-72.3251980034883,18.485944204995945
Husavik,68.53806531974095,-17.94176354928507
Lagoa,47.52369568688741,-30.05435260327502
Barrow,79.15865255614494,-158.97028601317183
Hofn,58.90877080066787,-14.296936295711305
Busselton,-60.729553178210885,95.86379834862828
Zhangye,41.018753814205496,100.72729119296923
Albany,-58.33588405918579,119.43796970256835
Ushuaia,-71.39621626858639,-69.02166913472828
Bengkulu,-17.876488231632024,94.65463970904591
Dikson,83.85705143703893,69.20147415398472
Te Anau,-42.149637521747444,161.86531022009893
Magadan,58.00265270327657,150.7721796119177
Cape Town,-73.21689698341392,-15.467734084486608
Faya,20.178746574366983,22.05894634881409
The Pas,54.36566046728649,-99.55401113411192
Carbonia,38.40272681668938,8.517994304159402
Punta Arenas,-67.3973733782979,-97.8087393817118
Hermanus,-71.48234491266716,2.087505138267346
Barrow,80.2263752796703,-151.3768820434863
Taolanaro,-76.62496920886902,69.98546829788617
Samusu,-9.47633270477536,-169.03572342850484
Saint George,38.030563033355605,-64.81355402840178
Punta Arenas,-56.28338590144066,-83.57349337976223
Carnarvon,-26.580995364708365,85.4299829813445
Bilibino,65.99448775649711,169.45825435999382
Tharrawaddy,17.514868601092147,95.91352715742181
Georgetown,-18.2748322379892,-18.720756461195066
Ilulissat,74.9578108182279,-48.08874302967081
Albany,-47.14490296001915,110.89995786377955
Ahipara,-33.26844503705353,165.5797076222426
Mataura,-80.38453945659315,-152.04417448411942
Baruun-urt,45.05370261778896,114.25947484165863
Sao Filipe,8.556534150581243,-26.307477610430112
Lorengau,5.911261568195243,145.26045103003332
Haines Junction,61.1247870321711,-143.05298247158436
Horadiz,39.908411335689124,47.41789951630574
Rikitea,-69.45636059102053,-122.17299284543296
Ushuaia,-79.6962533910994,-59.11779423852842
El Alto,-3.4838599772970724,-83.45098351296409
Cape Town,-59.72083997732612,-1.7232467017350928
Fairbanks,64.54140441770352,-146.87557521259538
Birobidzhan,48.56111901810149,132.88539538967711
Bluff,-84.1231849411042,161.82803957444304
Maloy,62.76572512260421,2.720798916794223
Bilibino,68.30283870183484,168.09764911664809
Saskylakh,79.93432923810454,115.50905622799581
Barbar,18.740479054321753,34.799147706170544
Vestmanna,67.79032359230152,-9.030870174491866
Upernavik,88.51388634213896,-47.50819281484294
Tuktoyaktuk,88.48646320329209,-134.79272244529886
Kaitangata,-74.68245784871087,178.42200012249327
Mackenzie,56.40342439402812,-123.57266309367756
Premia De Mar,40.71131371382958,2.7227084846967102
Luderitz,-28.381170945094816,7.151577564796753
Ugoofaaru,5.733407920504646,65.24425909497651
Bredasdorp,-67.20023829025735,20.770334974782998
Constitucion,21.321529638206457,-115.6495691467702
Tarko-sale,64.91373661468543,77.49813980455127
Codrington,22.227661829508932,-51.404102266246014
Ushuaia,-89.34832800195174,-41.8533237935427
Barrow,84.29785557113408,-166.72318495832644
Centennial,39.56374783270928,-104.87362170393381
Lagoa,40.98802440785943,-28.124489466617348
Chokurdakh,74.22120653889195,146.63848581175336
Bredasdorp,-39.4039735164194,21.587460634662705
Sentyabrskiy,33.33393308375787,162.35625981683103
Maarianhamina,60.23579068186464,19.727702235174633
Kapaa,35.93928413346984,-162.5397558705553
Beltinci,46.593381678220766,16.22918582543062
Velizh,55.411315846098546,31.243569737100188
Hobart,-51.149761089257396,155.9925218273167
Barrow,75.40622084777942,-148.16767200486697
Marcona,-26.304333865704706,-89.35956541251109
Dodoma,-6.0940196345614055,35.46745790477618
Arraial Do Cabo,-30.44187214137704,-30.365990096074
Korla,36.93400265943623,86.90812975511739
Hami,40.91016278048875,93.4978746967999
Samusu,-9.50100521546294,-168.22928889132325
Nabire,-2.813141216611271,137.01242938876686
Rikitea,-68.32774719093587,-138.28934015801892
Albany,-61.38020396816489,124.97980277343555
Upernavik,89.81864021204555,-44.42839401466958
Namibe,-16.85952929303572,4.014166237445011
Kichera,55.6975331056839,111.03544599260363
Novikovo,46.66777577844397,145.20377959611625
Torbay,48.469569455267134,-45.610641945675724
Dunedin,-50.99837888590078,174.20548345175763
Khonuu,66.36558948393485,143.79732305468798
Angoche,-18.63985111457019,41.17183373094079
Kapaa,21.307691519844326,-170.03381447414313
Grindavik,56.06299404372305,-28.708704734639582
Mindelo,15.573062165202316,-27.825913622817353
Vrangel,39.54592746227297,133.95680992148317
Rikitea,-61.01061130589921,-131.85716840009627
Kalabo,-16.017107831948707,21.042140173614285
Dingle,47.88119910078754,-16.058173391633005
Luderitz,-27.82670593557424,5.2962499816586615
Jamestown,-26.824031856440733,-12.661580829855893
Punta Arenas,-59.18269543998164,-108.49251635317641
Iqaluit,59.5065750610502,-73.9089502922186
Carnarvon,-27.323370466209894,91.73425144994002
Cutler Ridge,25.433923946376154,-80.1910944663362
Barrow,77.505922200518,-148.28097604176503
Tasiilaq,71.13151041458292,-42.24494959766963
Rikitea,-27.181587745820103,-106.72455567957273
Mar Del Plata,-64.00522659330808,-28.295610713598762
Komsomolskiy,65.4330887752401,171.09594249654214
East London,-63.135879236941435,48.72340752880339
Tuatapere,-57.685195326921885,158.07197036602537
Vani,42.019131261114694,42.82048958811197
Punta Arenas,-86.91687019178927,-110.46231136116997
Dunedin,-50.13031332240929,175.5681757551621
Rikitea,-18.142158328404136,-112.38298214278808
Fort Nelson,59.336221282117975,-123.17184436943965
San Patricio,8.379101799812034,-112.4758360058732
Khatanga,77.9002903389144,96.5470301946691
Aswan,22.40153068383033,27.170272154661177
Puerto Ayora,-19.385766525886055,-99.97463889842663
Aguimes,26.061067249305736,-15.16572365831621
Loiza,20.04126901052321,-65.62204084990206
Manavalakurichi,5.297085095050122,76.36160680159367
Hobart,-77.26633915183548,151.0227318180992
Ushuaia,-53.6233615965696,-52.058809694649284
Bethel,59.185603221582994,-161.62095912545556
Hambantota,0.29933345623102525,84.41505932644327
Marienburg,9.55108100017415,-54.74802210048476
Bethel,52.70765781822465,-161.4218311586763
Veraval,17.307012038977987,67.37857157289605
Souillac,-38.690017976255994,67.4619162291441
Port Elizabeth,-62.39176745046224,28.279990232830073
Port Macquarie,-36.701252425159026,160.92078017242835
Providencia,28.79061596466127,-111.60957245081283
Gibsons,49.45789380472539,-123.27216302396963
Yellowknife,72.49401407433788,-111.31325267605418
Ushuaia,-87.52844741536053,-81.68736279578678
Bluff,-87.13648189748767,172.10781198837617
Turan,53.387705125327074,94.43095718273287
Sentyabrskiy,31.959906389452186,159.37228676514053
Castro,-50.750504333203516,-91.39412707767693
Altay,46.30042744622065,88.93859440850588
Namie,37.02741693799899,142.73800490655879
Pisco,-25.59353393130914,-96.9340302554118
Rikitea,-32.497280253043655,-127.7007093677918
Ahipara,-36.056931817616245,164.4281158758203
Ushuaia,-73.46799469497,-45.57894101954827
Mataura,-71.62116668790536,-153.0510474366869
Arraial Do Cabo,-41.56080689178705,-30.81242019952265
Rikitea,-33.264880772092454,-123.53854219036194
Lata,-8.681035701439328,170.74830361265487
Atuona,-15.02478643563714,-139.64460464052658
Provideniya,42.871060887658615,-178.7034292594821
Atar,24.03128332311583,-10.682692985638738
Stillwater,36.0091834322066,-96.8277245534434
Moindou,-24.08139338810649,163.9576778235442
Souillac,-52.82268011929045,76.13515429321114
Castro,-52.574305895114016,-108.49170147204389
Ushuaia,-81.80298078598895,-74.91962440547756
Cockburn Harbour,21.67279642126887,-71.73460194990248
Tuktoyaktuk,84.95646767506449,-119.9376047221197
Ushuaia,-68.67369652849905,-43.37489811934847
Sohbatpur,28.650565477834675,68.57961984403897
Temaraia,-2.833803589166763,170.8039449696709
Mar Del Plata,-56.45824220797914,-38.01871397584358
Mataura,-27.387327261766444,-143.83292710495883
Altamira,-3.853299838825393,-53.35593586540459
Tono,39.31502663678697,141.45394599328
Rikitea,-66.3190913310766,-134.6474918367112
Rikitea,-53.080969965697975,-121.21537896544248
Dikson,76.03041862346791,75.66814337117967
Ilulissat,78.43063416302155,-43.1759138611736
Bathsheba,13.734173093291673,-52.59477546959086
Tocopilla,-21.041436391648446,-74.1411532765213
Puerto Ayora,-6.798428824734586,-95.44106347879585
Atuona,0.19712832432976768,-125.13510346245468
Cabo San Lucas,21.404959718762555,-108.725481173861
Mataura,-42.151376389758,-149.03134735522895
Busselton,-74.68139147555405,83.53318315589479
Punta Arenas,-62.454777861640714,-106.36755975962032
Zabid,13.271662975946214,42.76435795202045
New Norfolk,-82.64530321035853,123.66357844061417
Hede,34.27586596396419,120.97152397743281
Lagoa,46.01020694373463,-27.095620576331356
Souillac,-58.09566485122815,78.12051067086105
Rikitea,-37.125152066420746,-117.8106618882238
Taolanaro,-67.83964199774701,54.454841428557245
Rio Branco Do Sul,-25.091401941348153,-49.25311510598132
Adrar,27.438062876129138,-1.6802433732665065
Makurdi,8.032373146474399,8.172199940799771
Longyearbyen,86.10716900920943,27.800659159949703
Port Elizabeth,-65.17232030756219,29.533516032887775
Mys Shmidta,82.65570158972923,-175.02316903484086
Winfield,37.22652404788573,-96.82561759281964
Japura,-2.115008686579287,-71.05779088411975
Fort Nelson,61.36967860176222,-122.02719426710195
Hwange,-19.03696004512733,27.643699028979768
Lebu,-37.54130089808734,-104.77911156193375
Airai,12.971576715953162,147.9989231274401
Ushuaia,-79.93857787545454,-82.11622948657941
Kapaa,19.060867320876937,-179.18161109308014
Codrington,24.749874327089955,-49.51440302361871
Vila Velha,-26.057410815908476,-22.96503029740572
Punta Arenas,-88.06335920612233,-116.97710822680926
College,69.61739610626097,-150.8862489330233
Matagami,51.831021353401695,-77.30292309210107
Kodiak,50.07752548332655,-159.491259543295
Taolanaro,-50.964440231651,56.72426614129495
Umzimvubu,-42.451118161474014,39.566282667592986
Ponta Delgada,29.80855268714221,-28.373916483345596
Belushya Guba,71.98253964327776,51.33157252594651
Tateyama,22.83999262399614,144.1584154805073
Cape Town,-54.69510249986692,-15.260393839841072
Tuatapere,-48.66521162316566,158.0010963589071
Ushuaia,-84.09930121639627,-55.587157838147405
Soledade,-7.113228187687355,-36.356878994218846
Ushuaia,-82.94771919114477,-41.38317778497051
Ust-kuyga,70.82355436123049,134.86384371286158
Trairi,2.847584882719744,-35.814950873197205
Half Moon Bay,29.011547787382725,-135.95812027690317
Lipin Bor,60.741882971324316,38.610438056316326
Cape Town,-69.91925367708578,-5.59637837693387
Punta Arenas,-65.04361088997129,-105.48947752103064
Upernavik,75.97450496446729,-55.11630459494978
Noumea,-25.77193576817767,163.27101715515727
Mar Del Plata,-44.92228617473638,-48.26813990458851
Castro,-50.759032757098794,-105.07662201820199
Belushya Guba,87.69817493565981,58.779217099264145
Ballina,54.04613565503229,-9.169883649945973
Ushuaia,-75.18135175687411,-37.53534275028062
Rikitea,-35.43485819881843,-123.68395098706006
Kisanga,-7.868140234932355,37.975516860089584
Minna,9.858233357110834,7.018007850398931
Albany,-54.88043647604828,121.13685988488726
Tanout,16.04812628156664,9.091361397209653
Falmouth,50.09658661213405,-5.1547204957913095
Hailar,46.290292823393884,118.11623428016395
Adrar,28.26931904543656,-0.2833211988808557
Machilipatnam,15.759698922997842,81.65697265065904
Umtata,-31.36172687706194,28.700623649426916
Flinders,-33.402606608174366,133.43271358435385
Rikitea,-29.14818186475832,-134.12068517751936
Khatanga,85.96033991963077,97.6300380046165
Ushuaia,-82.20258441676724,-50.04294058981489
Cape Town,-71.90034142100194,-7.662422486851028
Hermanus,-82.46563686500738,9.094109752044005
Lebu,-30.33904029430657,-90.24319545203807
Rikitea,-30.828928242406562,-124.58485609066783
Novyy Urengoy,66.15967812238878,75.8449500922153
Ushuaia,-79.87431898618281,-41.71697839507118
Margate,-43.202499824052936,43.039958341868555
Tsihombe,-31.04483388067497,45.03135145982935
Mahebourg,-31.896665974680126,67.37459911495813
Tromso,73.14876209028876,18.55176796587247
Port Hardy,47.287690722524445,-135.06477933387796
Berlevag,87.73615497971045,33.23247269999891
Albany,-61.98498011126444,120.3226490978376
Vaini,-29.058885565914714,-178.62503697523294
Jalu,23.54983647585962,24.497246884470712
Green River,41.46597984575189,-110.0300647354735
Dire,12.979602584626193,-10.624056102913158
Mindelo,15.621858403489185,-27.309649036866432
Grindavik,61.23424683530328,-22.863503890878093
Hilo,17.450810742216547,-146.77663689411858
Kapaa,25.919417896631316,-160.75101641804974
Rikitea,-31.996707803201907,-138.74269920603356
Ushuaia,-81.89770670274686,-54.20924360514472
Teahupoo,-18.758574285620966,-149.33464904335926
Khatanga,77.60362713218535,98.22307192120303
Bloemfontein,-29.118755524178454,26.389123070681222
Tunduru,-12.189040288236868,36.475011260617066
Busselton,-59.28464074436965,103.08317529913825
Jamestown,-10.682132179459316,-7.090414027477834
Srednekolymsk,66.62850061320154,152.7519296536127
Hilo,17.03925547228225,-156.71135303696852
Coquimbo,-30.16136574696634,-77.72828430469428
Bredasdorp,-66.22604221168575,19.646428796860278
Papetoai,-16.443818159123637,-149.751120856256
Chokurdakh,79.36909496774072,150.3686446080926
Xiaoshi,41.1860194921548,124.0811085505697
Hobart,-80.9302262349084,150.62742337571927
Sinnamary,9.534462751208522,-50.07827892296257
Korla,41.64291424608976,87.04286267377313
Albany,-41.84376227484635,119.75386969508003
Aanekoski,63.257532978794615,26.191790847553477
Ushuaia,-84.315207750378,-76.62583300080425
Busselton,-73.40412819023388,89.64079872179656
Hobart,-58.377893646221466,149.21997926771525
Mahebourg,-31.17763130987111,64.96728857687859
Beringovskiy,57.908440682196414,177.5191584526841
Pevek,80.4524148524421,169.63550008469252
Adrar,26.283053466344853,-2.68590579929878
Abu Dhabi,21.060691998035594,53.53847048880269
Krasnoselkup,66.34262270674509,81.64553179017162
Barrow,76.28935576143286,-166.4618936546156
Karaul,70.79440119342024,83.3125259133763
Barrow,79.54194841019122,-151.46563819368686
Rikitea,-37.38202031507236,-109.08377774113876
Bredasdorp,-68.29363332560914,20.92730994424008
Evensk,62.667338008147254,161.05324708131815
Fairbanks,66.74180884282293,-144.387357268781
Ushuaia,-74.772074959659,-21.139474879628324
Longyearbyen,87.44378929932083,15.177403106117424
Hobart,-65.76228582511199,142.77816805272607
Lavrentiya,78.5823136084185,-168.98351799221513
Vitimskiy,58.08856566729864,113.30640712073534
Narsaq,80.39091007019874,-67.15273538507532
Hokitika,-40.539121215188715,167.8118231498346
Pasighat,33.752245054531315,96.6495790141011
Albany,-72.49371214007486,117.5686744434218
Inhambane,-23.791671865345606,35.73736204265077
Jamestown,-15.010678932654145,-1.3406489774405372
Le Pradet,42.53517511603832,6.124215150107119
Taolanaro,-76.02993890497974,71.57198980226121
Molchanovo,57.71312264313974,83.80483915705179
Ponta Do Sol,19.43572120759653,-25.18829672487732
Jamestown,-30.346346515304674,-20.671368620470986
Port Blair,15.101872982684384,88.86005874893482
Port Elizabeth,-80.7702802065627,37.574700058029975
Mataura,-76.60069323232199,-148.83425276288793
Rikitea,-30.389363516596568,-107.56778131010223
Qaqortoq,64.04103064720584,-43.77585968826483
Kijang,2.3489543938015487,105.72133982171778
Hamilton,28.359877237669863,-66.14173532148384
Norman Wells,70.11730304644391,-125.66234752110903
Rikitea,-80.18045932141713,-127.4714603718104
Ponta Do Sol,21.766080703515016,-31.272458674796013
Hermanus,-81.08024840807319,-1.5694392384512525
Berck,50.34462385886144,1.6175980162543055
Miyako,40.1178027505114,143.22345922631723
Victoria,-3.584467228571569,62.13119673827788
Punta Arenas,-71.65908578723554,-94.81484364548699
Mataura,-79.1262956101114,-152.23607244076683
Tiksi,88.00447327124684,132.3731440210732
Narsaq,74.88853993744999,-63.47086978014964
Tuktoyaktuk,80.90531616833422,-140.52376388224343
Yellowknife,73.80473791518756,-109.97119119590613
Tsiroanomandidy,-17.97386939558183,45.828881751873666
Kavieng,16.471158516143305,153.97764093520016
Avarua,-20.972542185337332,-163.45103266207022
Rikitea,-61.87729591320028,-132.62026849075795
Chokurdakh,88.07601183268869,150.94809073933675
Saskylakh,79.87743998136676,113.76637980963767
Mataura,-84.45427299075017,-150.1841290701673
Hasaki,33.12726843428365,145.79892996785316
Atuona,-4.657974689747206,-126.92179383273083
Cape Town,-40.20588275322442,11.710993599168035
Punta Arenas,-58.84086390398849,-101.81231729947942
Norman Wells,65.88800680013401,-126.26523258454311
Izumo,36.57993963538729,131.94239628037502
Victoria,-7.52807877336754,62.29583347102252
Bredasdorp,-87.60025324130008,23.914448153899116
Hithadhoo,-4.576111131406421,72.08509477488312
Albany,-47.103785879296964,116.94802342514078
Hermanus,-77.73512037733025,-1.1183944725192987
Rikitea,-18.407381187106566,-134.11993138811732
Purranque,-41.207797434027505,-73.43223207827977
Iqaluit,66.4053157336362,-69.22893119454908
Palabuhanratu,-17.865236940806625,104.39892712123219
Codrington,25.77913610801363,-56.92959631098289
Punta Arenas,-81.08231154098904,-88.38007090525365
Punta Arenas,-82.24394445029583,-100.68842320186495
Ous,60.34981866745005,61.08057730219241
Jose De Freitas,-4.8343959289517215,-42.51025025401188
Albany,-46.599303195168154,112.83501637432903
San Patricio,1.5081970065905352,-115.2475043193399
Punta Arenas,-89.38538243738557,-94.59607978067855
Ihiala,5.87829726512048,6.771273761451454
Jamestown,-24.07885377204451,-7.158262023773858
Yeppoon,-20.689554556803245,154.028496967259
Port Lincoln,-39.622177912309304,132.46360537396208
Naryan-mar,69.16150046012271,52.36797144190865
Saint-philippe,-22.396112345056622,57.27992347318522
New Bern,35.127991417557524,-77.10830624550294
Salta,-25.813024060336204,-65.47182956322058
Bad Hofgastein,47.16089695023396,13.15239968579968
Punta Arenas,-55.65110488404938,-86.5928872928295
Bluff,-63.50752267009019,157.16547455886274
Yazman,28.22116371347296,71.71417441415127
Rikitea,-16.209574286486358,-124.88079042500422
Yeppoon,-18.010696801327498,156.5330486995867
Buqayq,25.51609537190818,49.17245756978633
Elko,41.63944328386785,-116.36900581273247
Torbay,43.82061882794892,-42.51699410868764
Pisco,-14.806903977078193,-79.09897168759566
Saint-philippe,-38.52386380944918,63.294050145312525
Zhigansk,69.62346630377232,124.67824353777729
Yaan,31.324667411965393,99.72133552390648
Atuona,1.2781693186186232,-119.29027935887328
Semporna,3.943384406931415,118.83342754562113
Busselton,-49.884198675618876,95.11358106942345
Port Elizabeth,-40.82940781076629,27.28065164113474
Barrow,81.2271820638828,-162.913957170137
Anadyr,63.651939823019774,177.02172913634496
Mataura,-70.95273174951063,-160.93103981880813
Arraial Do Cabo,-33.7913704160531,-28.717271515439506
Cape Town,-48.44662947837248,-4.1417696546062075
Mayumba,-9.38751930652721,2.9125495076434333
Vaini,-69.40881859434735,-171.22779661261544
Tasiilaq,74.76114419185456,-34.16258822165028
Butaritari,20.755914557576176,167.6540677064644
Turka,52.470477189260464,108.65838933212427
Georgetown,-4.626875001952797,-22.940798737616745
Upernavik,81.20950215996018,-49.63624269411136
Barrow,70.28513125567486,-157.54379374655042
Saint-pierre,-22.409336249790414,54.817493663828344
Manado,2.3553906752967464,123.33581021162416
Kincardine,44.48996813991414,-82.15851696859028
Salta,-25.901135661911823,-67.36067717991159
Yellowknife,70.04560051050916,-105.41102279174625
Longkou,37.773073581807665,119.99485068168843
Vestmannaeyjar,60.91373105658661,-17.814291221274573
Yar-sale,67.04820863307236,69.91769868011374
Upernavik,76.75651924705176,-52.407418990935824
Cape Town,-60.59085545674104,-8.191166518502882
Lasa,35.12739882818403,88.99615694251452
Chokurdakh,79.22804161396073,144.23238698641177
Nome,60.417935170339774,-167.3279437651463
Greenfield,36.35886850620096,-121.18246530482028
Turbat,26.542510889273203,62.30169932175099
New Norfolk,-78.88985916469721,126.76589721926734
Castro,-48.69690876561226,-97.68481345139215
Nome,59.84872508519217,-167.84870985379982
Punta Arenas,-64.98840732946253,-110.98489690163503
Cape Town,-78.87290511678668,-11.575185086792146
Puerto Ayora,-6.768241288199732,-100.17028442995603
Jamestown,-17.56349843682976,-11.205952378399644
Codrington,19.59709079276378,-59.657360932555505
Busselton,-69.38347580470804,97.46747778468057
Chuy,-36.37780403453492,-49.86086957970238
New Norfolk,-79.76236835911037,130.56949627324371
Mount Isa,-24.591314298855067,140.98663830081955
Qaanaaq,79.38487630303774,-91.6906930853346
Provideniya,41.012345945411624,-179.80676512207907
Ushuaia,-68.40588500641412,-49.59850676639752
Cape Town,-57.52340367036148,-14.470380079026853
Gizo,-9.955511248128246,157.82482227050195
Mataura,-72.14957831505463,-146.28401215658562
Upernavik,73.6664446410818,-61.94070735953362
Taolanaro,-43.086353340610124,58.78235552978785
Pangnirtung,62.878479550783425,-64.85289694357905
Ko Samui,9.383448685220372,101.4074083275014
Mindelo,16.102466229293526,-25.70363224586066
Ribeira Grande,40.477127585272,-40.4532569857231
Veraval,18.41744585171773,69.45813997935227
Illoqqortoormiut,77.61669393642364,-24.03034800683247
Jamestown,-26.570727350752236,-8.822925715002299
Kapaa,23.036799257107717,-170.5600028494806
Atuona,-9.769398084522294,-124.915045194426
Dikson,73.45406986826691,78.24157260490034
Karamea,-39.2193130843047,170.7702123937936
Qasigiannguit,66.62998801080471,-47.921553668895484
Indiana,40.80244896857664,-78.81186873482383
Hobart,-69.08137299592994,142.0380832429439
Esperance,-32.572283302558766,123.81435361680587
Illoqqortoormiut,83.63271708527114,-17.058486404535813
Whitehorse,62.70506080605077,-133.39374010489834
Ushuaia,-84.14824932924463,-67.13754143495856
Fernie,49.04082326288233,-115.09609114495201
Darnah,34.41562785901162,21.925231083819938
Kahului,26.46958754731145,-153.64744818080635
Mataura,-88.25285770635551,-161.80237433486394
Ancud,-40.888796752374475,-82.52551267472722
Piacabucu,-16.177055044750475,-30.722641150917468
Umzimvubu,-46.06162243505957,40.82789321855947
Albany,-76.19245993733892,98.15784194797061
Zhanatas,45.51980365255355,71.13223350747492
College,70.34053246183976,-147.227218766232
Mataura,-45.72512052376084,-156.54860029046833
Norman Wells,82.51255045408695,-116.54305897625595
Ushuaia,-87.62905289226133,-46.597952837877756
Husavik,72.30285654177666,-13.253581317407935
Vaini,-83.96259200403784,-177.1373055390876
Mataura,-82.10745472879483,-158.18288501331978
Barentsburg,87.93203833346865,10.621098634126952
Waitati,-47.70694229867299,174.119339875509
New Norfolk,-50.60027856420494,136.92713928090427
Puri,17.297035323899266,87.7162595968934
Mar Del Plata,-65.19353721581899,-32.12537757273901
Ihosy,-22.28642900753057,46.330926312845065
Khandbari,29.99053738428266,87.26666319175769
Grand Gaube,-17.09428129168458,60.286444498697904
Belushya Guba,73.94941119368121,45.53599813099973
Winneba,4.93620767305066,-0.43605474286141543
Rikitea,-50.3366484106696,-123.95929287393211
Ushuaia,-69.86994593636996,-36.37495441662429
Illoqqortoormiut,77.35427827213547,-12.240878364963379
Tuktoyaktuk,81.39513813810328,-136.88124031918824
Buchanan,4.4003797019827005,-9.445443224683828
Rikitea,-52.434518557331494,-138.28121130785541
Vanimo,4.535522826801426,142.34844024273895
Bethel,52.7625124022519,-164.11206591128285
Coquimbo,-29.42661882176496,-76.22253820362985
Sahuaripa,28.289522474451957,-109.2591606284289
Cape Town,-40.61043550288105,6.417995813261967
Tottori,37.15397784234669,134.17447147954636
Bluff,-80.02538423299006,173.63723165476694
Guerrero Negro,14.446937881500034,-128.88831365837683
Georgetown,-16.69584893468989,-23.10392674895408
Nishihara,20.52139304733211,135.5715389224602
Taolanaro,-47.16474638666198,59.27998627316168
Matagami,51.23819556790059,-77.04558042564253
Nome,61.4753053657152,-168.82553725426285
Kahului,28.57152128401691,-150.80768062300183
Rikitea,-58.4624425887645,-115.48386744409959
Mount Isa,-16.809907803835614,140.14330437441373
Severo-kurilsk,41.86220400088433,163.64687467503666
Olafsvik,59.58533676605964,-28.973179617640966
Bredasdorp,-65.3704932535831,23.01817836262714
Bluff,-66.15608186660583,164.48973167761278
Naberera,-4.415242476952798,37.3098245681592
Richards Bay,-29.762101533025756,37.64967357190818
Ushuaia,-79.92435869245674,-24.282821351578605
Port Alfred,-75.84649794607837,50.888870120987264
Ixchiguan,15.146299928684812,-91.88766032618913
Qaanaaq,83.52236895408333,-71.49578526896616
Lorengau,13.334315498203324,151.37695072203832
Kapaa,19.620320115351106,-160.67162991405098
Busselton,-56.15102058491918,101.56551345654657
Puerto Ayora,-11.65218131662057,-107.91702699048747
Quelimane,-20.497998257851634,37.950991099648036
Bambous Virieux,-32.403519808431504,83.18406984802374
Rikitea,-22.88111902154158,-107.37069482896777
Umm Jarr,14.223815606470396,31.58725142388846
Hithadhoo,-1.626107326911523,77.98549128521881
Bredasdorp,-84.22767337550226,20.108622702055982
Ayan,55.91805918741778,136.57802378034842
Khatanga,89.8798577618289,102.61818478742543
Rikitea,-69.5084395845993,-132.63180879151884
Busselton,-52.7023169648089,83.22169823223345
Rikitea,-43.966673622093765,-132.915936069007
Guilin,24.837181471048297,110.08620144612394
Armacao Dos Buzios,-26.2091502418967,-36.4565976029653
Rikitea,-71.99988372298213,-134.69450982510165
Rio Gallegos,-51.068163799195474,-62.630742246089824
Punta Arenas,-75.72652069767449,-89.4390213804688
Micheweni,-4.426714417896179,41.583974169311574
Ponta Do Sol,26.216463555970293,-36.26961425407637
Illoqqortoormiut,78.36532737807326,-22.859647671901854
Jamestown,-23.70166033781736,-11.569993219305161
Kahului,25.39874768606886,-154.23803891091563
Nikolskoye,51.843412669853905,168.62733809069476
Ushuaia,-72.33479598599047,-62.5138609590649
Hermanus,-82.77666816640702,-5.394542665794518
Ushuaia,-75.90606146419363,-24.97183137242874
Rikitea,-23.21553887793368,-134.08799277756944
Marcona,-25.108233188261153,-87.13748189054118
Jamestown,-36.21732354034773,-4.464762863853025
Karratha,-16.71684956265716,111.177595741002
Mahebourg,-41.70981328499609,73.32469026378715
Vila Velha,-23.900102225922268,-33.03990381074823
San Patricio,13.324905742839206,-111.87984444960205
Yurla,59.14358909276734,54.219454182667306
Punta Arenas,-87.29051168107333,-110.50124281843566
Zhuhai,20.076102176725186,113.52653892526774
Cherskiy,69.24610033076567,162.24034417918284
Hithadhoo,-8.425793052882227,78.31229241448102
Severo-kurilsk,38.80232633724066,162.24222067251145
Gravdal,70.7696884538887,12.77877119766302
Kahului,36.27512388920124,-150.1312462577818
Avera,-23.3414726100294,-151.20827595851438
Albany,-54.09978738481195,107.95187754167148
Barrow,88.16391984951176,-168.20962951452384
Bethel,54.935685808692284,-167.19038389716314
Deputatskiy,68.48783942209786,141.86938763803704
Salalah,19.507803354504517,49.3127726990366
Tuktoyaktuk,86.4002683083402,-117.42267064871248
Hobart,-89.24243139641894,135.29311092803363
