city,lat,long,temp,max_temp,humidity,wind speed,clouds
Ust-nera,64.57,143.24,-3.01,-3.01,63,2.76,3
Riyadh,24.63,46.72,28.0,28.0,28,2.1,0
Cape Town,-33.93,18.42,14.74,16.11,76,4.1,0
Beian,63.66,9.57,10.3,10.56,76,6.2,0
Mataura,-46.19,168.86,5.56,5.56,78,3.13,100
Tulun,54.56,100.58,8.69,8.69,95,0.07,0
Mataura,-46.19,168.86,5.56,5.56,78,3.13,100
Elko,40.83,-115.76,23.34,23.89,34,3.13,0
Dikson,73.51,80.55,2.79,2.79,96,9.07,100
Ushuaia,-54.81,-68.31,7.0,7.0,70,2.1,75
Punta Arenas,-53.16,-70.91,6.83,7.0,75,4.6,40
Bluff,-23.58,149.07,23.89,23.89,53,5.5,45
Busselton,-33.64,115.35,16.26,18.33,63,6.23,62
Sitka,37.17,-99.65,28.36,29.44,56,5.81,48
Lamu,35.77,102.37,6.49,6.49,67,0.15,7
Lompoc,34.64,-120.46,27.5,33.89,47,5.7,1
Avarua,-21.21,-159.78,24.0,24.0,64,6.2,25
Paita,-5.09,-81.11,17.29,17.29,92,7.47,34
Bethel,60.79,-161.76,10.31,11.0,57,8.2,75
Saint-philippe,45.36,-73.48,13.99,15.0,87,3.1,90
Qaanaaq,77.48,-69.36,-6.31,-6.31,87,2.57,96
Bonavista,48.65,-53.11,7.22,7.22,86,4.02,85
Ushuaia,-54.81,-68.31,7.0,7.0,70,2.1,75
Yar-sale,66.83,70.83,2.29,2.29,91,7.5,94
Georgetown,6.8,-58.16,27.93,29.0,74,5.1,40
Tual,-5.67,132.75,25.59,25.59,82,8.2,63
Punta Arenas,-53.16,-70.91,6.83,7.0,75,4.6,40
Rikitea,-23.12,-134.97,21.69,21.69,65,1.97,76
Tura,64.27,100.22,2.49,2.49,88,4.16,29
Sechura,-5.56,-80.82,17.69,17.69,88,5.52,46
Arraial Do Cabo,-22.97,-42.02,20.0,20.0,64,4.1,0
Atuona,-9.8,-139.03,26.49,26.49,76,8.03,0
Punta Arenas,-53.16,-70.91,6.83,7.0,75,4.6,40
Busselton,-33.64,115.35,16.26,18.33,63,6.23,62
Lakatoro,-16.11,167.42,28.0,28.0,65,4.6,87
Joshimath,30.57,79.57,9.99,9.99,81,1.58,36
Nemuro,43.32,145.57,18.0,18.0,52,4.6,20
Dukat,40.25,19.57,20.56,20.56,78,2.68,1
Bredasdorp,-34.53,20.04,13.6,14.0,67,6.2,20
Punta Arenas,-53.16,-70.91,6.83,7.0,75,4.6,40
Iqaluit,63.75,-68.52,2.89,3.0,83,1.5,75
Tasiilaq,65.61,-37.64,5.0,5.0,93,3.1,100
Kiunga,-6.12,141.3,26.09,26.09,76,1.9,93
Beinamar,8.67,15.38,22.29,22.29,94,1.37,69
Tasiilaq,65.61,-37.64,5.0,5.0,93,3.1,100
Valle Nacional,25.06,-104.49,25.09,25.09,49,3.17,67
Kodiak,39.95,-94.76,23.26,24.0,78,4.6,1
Busselton,-33.64,115.35,16.26,18.33,63,6.23,62
Rikitea,-23.12,-134.97,21.69,21.69,65,1.97,76
Bredasdorp,-34.53,20.04,13.6,14.0,67,6.2,20
Tuktoyaktuk,69.44,-133.03,5.0,5.0,80,1.5,20
Fortuna,40.6,-124.16,21.53,26.11,82,6.2,1
Yellowknife,62.45,-114.38,6.83,7.0,65,4.6,75
New Norfolk,-42.78,147.06,12.52,13.33,46,2.6,75
Ancud,-41.87,-73.83,10.0,10.0,100,1.5,0
Tiksi,71.64,128.87,1.99,1.99,82,5.91,59
Calabasas,34.14,-118.64,27.21,35.56,64,5.7,1
Kavieng,-2.57,150.8,28.99,28.99,68,3.12,100
Kaeo,-35.1,173.78,14.89,14.89,64,7.68,3
Sinjar,35.59,37.0,17.49,17.49,74,2.24,0
Pirgos,35.12,25.72,23.32,24.44,83,5.62,20
Rodino,52.5,80.2,7.49,7.49,52,1.3,86
Fuengirola,36.54,-4.62,23.86,26.67,41,6.2,0
Barrow,-38.31,-60.23,13.09,13.09,54,1.17,0
Mar Del Plata,-46.43,-67.52,16.99,16.99,37,4.33,3
Atuona,-9.8,-139.03,26.49,26.49,76,8.03,0
Healdsburg,38.61,-122.87,33.72,37.78,14,4.6,1
Thompson,55.74,-97.86,10.0,10.0,76,7.7,90
Omagari,39.45,140.48,20.0,20.0,45,5.7,40
Miranda De Ebro,42.69,-2.95,15.4,17.22,93,1.0,75
Atambua,-9.11,124.89,25.29,25.29,75,2.74,39
Beringovskiy,63.05,179.32,3.19,3.19,63,3.44,30
Cape Town,-33.93,18.42,14.74,16.11,76,4.1,0
Port Elizabeth,39.31,-74.98,20.02,23.0,63,2.6,1
Khandyga,62.65,135.58,4.29,4.29,59,3.4,0
Ponta Do Sol,-20.63,-46.0,19.79,19.79,74,2.13,51
Khatanga,71.98,102.47,0.99,0.99,78,4.7,54
Ambilobe,-13.19,49.05,23.69,23.69,75,4.44,73
Wasilla,61.58,-149.44,10.59,12.0,53,2.6,1
Hilo,19.71,-155.08,26.75,30.0,55,5.1,75
Cherskiy,68.75,161.3,1.39,1.39,59,3.6,0
Menden,51.44,7.8,13.56,15.0,100,3.6,100
Jamestown,-33.21,138.6,15.39,15.39,53,4.73,0
Luchegorsk,46.44,134.3,10.59,10.59,54,3.77,0
Provideniya,64.42,-173.23,4.0,4.0,91,3.0,75
Kavieng,-2.57,150.8,28.99,28.99,68,3.12,100
Ushuaia,-54.81,-68.31,7.0,7.0,70,2.1,75
Lamar,38.09,-102.62,31.0,31.0,18,2.1,1
Sitka,37.17,-99.65,28.36,29.44,56,5.81,48
Bredasdorp,-34.53,20.04,13.6,14.0,67,6.2,20
Pasni,25.26,63.48,27.49,27.49,82,1.97,33
Teseney,15.11,36.66,27.09,27.09,66,7.37,35
Leninskoye,54.82,82.85,3.0,3.0,74,3.0,0
Vaini,15.34,74.49,22.0,22.0,94,1.0,75
Katsuura,33.93,134.5,23.6,25.56,69,4.1,20
Lixourion,38.2,20.43,21.11,21.11,75,3.13,0
Atuona,-9.8,-139.03,26.49,26.49,76,8.03,0
Nikolskoye,59.7,30.79,1.73,5.0,94,1.0,0
Hobart,-42.88,147.33,12.51,13.33,46,2.6,75
Georgetown,6.8,-58.16,27.93,29.0,74,5.1,40
Antalya,36.9,30.69,22.85,23.0,78,1.0,75
Busselton,-33.64,115.35,16.26,18.33,63,6.23,62
Punta Arenas,-53.16,-70.91,6.83,7.0,75,4.6,40
Tucurui,-3.77,-49.67,24.19,24.19,86,0.77,54
Avarua,-21.21,-159.78,24.0,24.0,60,6.2,25
Cape Town,-33.93,18.42,14.73,16.11,76,4.1,0
Busselton,-33.64,115.35,16.43,18.33,62,6.23,62
Ushuaia,-54.81,-68.31,7.0,7.0,70,2.1,75
Iquique,-20.22,-70.14,16.0,16.0,77,4.1,90
Ust-maya,60.42,134.54,3.09,3.09,76,3.47,6
Butaritari,3.07,172.79,29.09,29.09,75,5.69,25
Cidreira,-30.17,-50.22,15.79,15.79,90,3.56,0
Sheridan,39.65,-105.03,25.05,28.0,10,3.6,20
Vaini,15.34,74.49,22.0,22.0,94,1.0,75
Rikitea,-23.12,-134.97,21.69,21.69,65,1.97,76
Punta Arenas,-53.16,-70.91,6.83,7.0,75,4.6,40
Puri,-7.54,112.45,26.19,26.19,69,5.0,79
Verkhnevilyuysk,63.45,120.31,2.99,2.99,86,0.92,47
Avarua,-21.21,-159.78,24.0,24.0,60,6.2,25
Rikitea,-23.12,-134.97,21.69,21.69,65,1.97,76
Monrovia,6.33,-10.8,25.0,25.0,94,2.85,75
Santa Cruz Cabralia,-16.28,-39.02,23.0,23.0,69,4.1,90
Rikitea,-23.12,-134.97,21.69,21.69,65,1.97,76
Rikitea,-23.12,-134.97,21.69,21.69,65,1.97,76
Ilhabela,-23.78,-45.36,20.29,20.29,82,8.52,86
Tasiilaq,65.61,-37.64,5.0,5.0,93,3.1,100
Upernavik,72.79,-56.15,1.99,1.99,88,4.4,100
Hatod,22.65,75.01,23.39,23.39,89,2.55,68
Puerto Ayora,-0.74,-90.35,21.59,23.0,69,4.6,0
Cape Town,-33.93,18.42,14.73,16.11,76,4.1,0
Zhanaozen,43.35,52.85,15.49,15.49,48,4.3,84
Kvarkeno,52.08,59.73,1.29,1.29,84,3.29,75
Myitkyina,25.38,97.4,18.49,18.49,99,0.28,100
Sokoto,13.06,5.24,28.59,28.59,54,3.94,30
Vaini,15.34,74.49,22.0,22.0,94,1.0,75
Bredasdorp,-34.53,20.04,13.94,14.0,67,6.2,20
Zhaoyuan,45.52,125.08,16.69,16.69,48,6.24,0
Ushuaia,-54.81,-68.31,7.0,7.0,70,2.1,75
Ushuaia,-54.81,-68.31,7.0,7.0,70,2.1,75
Chokurdakh,70.62,147.9,-1.01,-1.01,62,3.1,0
Tasiilaq,65.61,-37.64,5.0,5.0,93,3.1,100
Lebu,8.96,38.73,13.29,13.29,89,0.54,89
Maceio,-9.67,-35.74,24.0,24.0,83,2.6,20
Narsaq,60.91,-46.05,7.0,7.0,52,2.6,75
Busselton,-33.64,115.35,16.26,18.33,63,6.23,62
Punta Arenas,-53.16,-70.91,6.83,7.0,75,4.6,40
Leningradskiy,69.38,178.42,1.49,1.49,97,3.65,100
Vardo,39.62,-77.74,17.72,20.56,63,3.1,40
Hilo,19.71,-155.08,24.88,30.0,55,5.1,75
Turzovka,49.41,18.63,11.24,12.22,93,0.5,0
Beringovskiy,63.05,179.32,3.19,3.19,63,3.44,30
Carnarvon,-30.97,22.13,6.79,6.79,83,8.7,0
Ilulissat,69.22,-51.1,3.0,3.0,86,6.23,86
Vila Velha,-3.71,-38.6,26.0,26.0,78,5.1,20
Busselton,-33.64,115.35,16.26,18.33,63,6.23,62
Kapaa,22.08,-159.32,28.52,30.0,66,3.6,40
Vaini,15.34,74.49,22.0,22.0,94,1.0,75
Siavonga,-16.54,28.71,23.59,23.59,52,1.99,78
Lebu,8.96,38.73,13.29,13.29,89,0.54,89
Novoagansk,61.94,76.66,0.39,0.39,93,6.52,95
Barbosa,5.93,-73.61,19.39,19.39,94,1.04,83
Fairbanks,64.84,-147.72,6.16,6.67,60,2.6,90
Bredasdorp,-34.53,20.04,13.94,14.0,67,6.2,20
Acapulco,16.86,-99.88,29.0,29.0,79,1.0,75
Gonaives,19.45,-72.68,25.09,25.09,89,2.26,100
Chuy,-33.69,-53.46,12.79,12.79,85,3.51,0
Kavieng,-2.57,150.8,28.99,28.99,68,3.12,100
Rikitea,-23.12,-134.97,21.69,21.69,65,1.97,76
Tiksi,71.64,128.87,1.99,1.99,82,5.91,59
Vostok,46.45,135.83,7.39,7.39,63,3.38,0
Ancud,-41.87,-73.83,10.0,10.0,100,1.5,0
Dubbo,-32.25,148.6,17.0,17.0,40,4.6,38
Tuktoyaktuk,69.44,-133.03,5.0,5.0,80,1.5,20
Homer,59.64,-151.54,8.97,11.0,71,5.1,90
Cape Town,-33.93,18.42,14.74,16.11,76,4.1,0
Saint George,39.45,22.34,16.0,16.0,100,1.82,40
Kapaa,22.08,-159.32,28.52,30.0,66,3.6,40
Ancud,-41.87,-73.83,10.0,10.0,100,1.5,0
Jaciara,-15.95,-54.98,28.59,28.59,42,1.69,25
Monze,-16.28,27.48,20.69,20.69,39,3.62,36
Murdochville,48.96,-65.49,4.89,4.89,94,2.22,100
Sibolga,1.74,98.78,26.99,26.99,78,2.48,85
Kapaa,22.08,-159.32,28.52,30.0,66,3.6,40
Provideniya,64.42,-173.23,4.0,4.0,91,3.0,75
Vinh,18.67,105.69,22.29,22.29,80,1.36,5
Tiksi,71.64,128.87,1.99,1.99,82,5.91,59
Miravci,41.31,22.44,14.68,15.56,98,1.34,69
Vaini,15.34,74.49,22.0,22.0,94,1.0,75
Mataura,-46.19,168.86,5.56,5.56,78,3.13,100
Bredasdorp,-34.53,20.04,13.6,14.0,67,6.2,20
Bluff,-23.58,149.07,23.89,23.89,53,5.5,45
Sorland,67.67,12.69,10.29,10.29,50,0.76,61
Santa Cruz,-6.22,-36.02,22.39,22.39,70,8.68,66
Butaritari,3.07,172.79,29.09,29.09,75,5.69,25
Castro,-42.48,-73.76,10.0,10.0,100,1.5,0
Saint-philippe,45.36,-73.48,14.01,15.0,87,2.32,90
Punta Arenas,-53.16,-70.91,6.83,7.0,75,4.6,40
Punta Arenas,-53.16,-70.91,6.83,7.0,75,4.6,40
Carnarvon,-30.97,22.13,6.79,6.79,83,8.7,0
Kaitangata,-46.28,169.85,6.11,6.11,67,6.26,95
Ilulissat,69.22,-51.1,3.0,3.0,86,6.23,86
Saskylakh,71.97,114.09,1.19,1.19,93,3.78,98
Bambous Virieux,-20.34,57.76,21.83,22.0,88,5.7,75
Bredasdorp,-34.53,20.04,13.6,14.0,67,6.2,20
Mataura,-46.19,168.86,5.56,5.56,78,3.13,100
Isangel,-19.55,169.27,26.0,26.0,61,4.1,75
Jiuquan,39.73,98.49,14.89,14.89,23,1.18,0
Lompoc,34.64,-120.46,27.42,32.78,27,3.6,1
Soubre,5.79,-6.61,21.79,21.79,99,1.33,45
Basco,40.33,-91.2,20.75,22.78,53,3.6,1
Ushuaia,-54.81,-68.31,7.0,7.0,70,2.1,75
Busselton,-33.64,115.35,16.26,18.33,63,6.23,62
Guerrero Negro,27.97,-114.04,20.39,20.39,86,6.62,39
Ushuaia,-54.81,-68.31,7.0,7.0,70,2.1,75
Tabou,4.42,-7.36,23.69,23.69,95,1.66,72
Halifax,44.65,-63.58,15.97,17.22,100,4.1,90
San Luis,-33.3,-66.34,21.99,21.99,17,4.93,0
Vaini,15.34,74.49,22.0,22.0,94,1.0,75
Avarua,-21.21,-159.78,24.0,24.0,60,6.2,25
Punta Arenas,-53.16,-70.91,6.84,7.0,75,4.6,40
Saint George,39.45,22.34,16.0,16.0,100,1.82,40
Leningradskiy,69.38,178.42,1.49,1.49,97,3.65,100
Mataura,-46.19,168.86,5.56,5.56,79,2.24,100
Kodiak,39.95,-94.76,23.1,24.0,83,4.6,40
Rikitea,-23.12,-134.97,21.69,21.69,65,1.97,76
Ahipara,-35.17,173.16,17.78,17.78,87,13.06,58
Pirojpur,22.58,89.97,24.69,24.69,93,2.3,100
Kodiak,39.95,-94.76,23.26,24.0,78,4.6,1
Rocha,-34.48,-54.34,11.89,11.89,83,1.23,0
Ahipara,-35.17,173.16,17.78,17.78,87,13.06,58
Playa Vicente,17.83,-95.81,29.44,29.44,68,1.17,52
Mayumba,-3.44,10.65,24.79,24.79,89,6.33,98
Fukue,35.03,136.69,26.57,27.78,57,5.1,40
Clyde River,70.47,-68.59,-2.0,-2.0,92,1.0,1
Trinidad,-14.83,-64.9,30.09,30.09,36,2.37,8
Lompoc,34.64,-120.46,27.42,32.78,27,3.6,1
Saint-philippe,45.36,-73.48,14.01,15.0,87,2.32,90
Champerico,16.38,-93.6,26.0,26.0,78,3.1,90
Yellowknife,62.45,-114.38,6.83,7.0,65,4.6,75
Saint Anthony,43.97,-111.68,19.34,22.0,40,5.7,1
Dikson,73.51,80.55,2.79,2.79,96,9.07,100
Vaini,15.34,74.49,22.0,22.0,94,1.0,75
Valley City,46.92,-98.0,17.76,19.0,67,4.1,20
Tiksi,71.64,128.87,1.99,1.99,82,5.91,59
Port Alfred,-33.59,26.89,12.78,12.78,72,0.89,61
Dikson,73.51,80.55,2.79,2.79,96,9.07,100
Rikitea,-23.12,-134.97,21.69,21.69,65,1.97,76
Ushuaia,-54.81,-68.31,7.0,7.0,70,2.1,75
Vila Velha,-3.71,-38.6,26.0,26.0,78,5.1,20
Oshnaviyeh,37.04,45.1,12.0,12.0,34,3.1,0
Antofagasta,-23.65,-70.4,14.0,14.0,82,4.6,90
Tuktoyaktuk,69.44,-133.03,5.0,5.0,80,1.5,20
Kapaa,22.08,-159.32,28.16,30.0,78,2.1,90
Shelby,48.51,-111.86,15.95,17.22,26,10.3,1
Ilulissat,69.22,-51.1,3.0,3.0,86,6.23,86
Freeport,26.54,-78.7,26.19,26.19,68,5.51,68
Kenora,49.76,-94.48,12.59,14.0,87,1.5,75
Kizhinga,51.85,109.91,10.79,10.79,76,0.4,0
Yellowknife,62.45,-114.38,6.84,7.0,65,4.6,75
Huarmey,-10.07,-78.15,16.59,16.59,93,6.11,49
Punta Arenas,-53.16,-70.91,6.84,7.0,75,4.6,40
Georgetown,6.8,-58.16,27.93,29.0,74,5.1,40
Barrow,-38.31,-60.23,13.09,13.09,54,1.17,0
Nicoya,10.15,-85.45,24.55,26.0,94,1.0,75
Kapaa,22.08,-159.32,28.16,30.0,78,2.1,90
Voronovytsya,49.11,28.68,10.89,10.89,54,4.51,100
Rikitea,-23.12,-134.97,21.69,21.69,65,1.97,76
Carballo,43.21,-8.69,15.11,17.22,82,2.6,20
Yellowknife,62.45,-114.38,6.84,7.0,65,4.6,75
Rikitea,-23.12,-134.97,21.69,21.69,65,1.97,76
Saskylakh,71.97,114.09,1.19,1.19,93,3.78,98
Bambous Virieux,-20.34,57.76,21.83,22.0,88,5.7,75
Bredasdorp,-34.53,20.04,13.94,14.0,67,6.2,20
Nikolskoye,59.7,30.79,1.73,5.0,94,1.0,0
Beloha,-25.17,45.06,20.09,20.09,80,3.1,91
Tevaitoa,-16.78,-151.5,26.29,26.29,75,8.94,51
Chokurdakh,70.62,147.9,-1.01,-1.01,62,3.1,0
Arraial Do Cabo,-22.97,-42.02,20.0,20.0,64,4.1,0
Tasiilaq,65.61,-37.64,5.0,5.0,93,3.1,100
Nikolskoye,59.7,30.79,1.73,5.0,94,1.0,0
Mataura,-46.19,168.86,5.56,5.56,79,2.24,100
Vaini,15.34,74.49,22.0,22.0,94,1.0,75
Ushuaia,-54.81,-68.31,7.0,7.0,70,2.1,75
Chuy,-33.69,-53.46,12.79,12.79,85,3.51,0
Ushuaia,-54.81,-68.31,7.0,7.0,70,2.1,75
Coihaique,-45.58,-72.07,12.0,12.0,76,2.1,90
Lompoc,34.64,-120.46,27.42,32.78,27,3.6,1
Bambous Virieux,-20.34,57.76,21.83,22.0,88,5.7,75
Bluff,-23.58,149.07,23.89,23.89,53,5.5,45
Luganville,-15.51,167.18,27.0,27.0,65,3.6,75
Ushuaia,-54.81,-68.31,7.0,7.0,70,2.1,75
Abu Dhabi,24.47,54.37,32.53,33.0,46,4.1,0
Uribia,11.71,-72.27,26.29,26.29,83,0.63,96
Castro,-42.48,-73.76,10.0,10.0,100,1.5,0
Kahului,20.89,-156.47,28.8,33.0,43,8.7,40
Khatanga,71.98,102.47,0.99,0.99,78,4.7,54
Hobart,-42.88,147.33,12.51,13.33,46,2.6,75
Torbay,47.66,-52.73,6.94,7.78,93,3.6,90
Mount Pleasant,33.16,-94.97,28.41,29.44,58,3.6,1
Awbari,26.59,12.77,25.99,25.99,22,2.11,0
Kholodnyy,62.72,147.95,-4.81,-4.81,50,3.0,100
Half Moon Bay,37.46,-122.43,30.84,33.0,17,8.7,1
Hilo,19.71,-155.08,24.88,30.0,55,5.1,75
Port Alfred,-33.59,26.89,12.22,12.22,73,1.34,61
Kaeo,-35.1,173.78,14.89,14.89,64,7.68,3
Punta Arenas,-53.16,-70.91,6.83,7.0,75,4.6,40
Tomsk,56.49,84.95,3.1,3.89,83,5.0,0
Husavik,50.56,-96.99,14.64,15.56,63,5.49,58
Longyearbyen,78.22,15.63,3.0,3.0,86,3.1,75
Ushuaia,-54.81,-68.31,7.0,7.0,70,2.1,75
Heinola,61.2,26.03,3.94,4.0,80,2.1,90
Qaanaaq,77.48,-69.36,-6.31,-6.31,87,2.57,96
Dikson,73.51,80.55,2.79,2.79,96,9.07,100
Korem,12.51,39.52,14.29,14.29,58,1.21,100
Jamestown,-33.21,138.6,15.39,15.39,53,4.73,0
Upernavik,72.79,-56.15,1.99,1.99,88,4.4,100
Chokurdakh,70.62,147.9,-1.01,-1.01,62,3.1,0
Hermanus,-34.42,19.24,13.58,13.89,80,5.36,0
Alfred,45.56,-74.88,13.92,15.0,87,1.5,75
Georgetown,6.8,-58.16,27.92,29.0,74,5.1,40
Ushuaia,-54.81,-68.31,7.0,7.0,70,2.1,75
Semnan,35.58,53.39,12.69,12.69,35,0.57,0
Buea,4.16,9.23,24.0,24.0,100,1.5,75
Rock Sound,24.9,-76.2,26.89,26.89,81,6.17,79
Vieques,18.43,-65.83,24.47,26.0,88,2.6,75
Castro,-42.48,-73.76,10.0,10.0,100,1.5,0
Albany,42.65,-73.75,14.6,17.22,93,1.5,90
Sydney,-33.85,151.22,19.27,21.67,42,3.6,20
Puno,-15.84,-70.03,12.0,12.0,40,4.1,0
Ponta Do Sol,-20.63,-46.0,19.79,19.79,74,2.13,51
Solnechnyy,50.72,136.64,8.39,8.39,48,6.76,16
Villanueva De La Serena,38.97,-5.8,17.78,17.78,84,1.34,23
Lipin Bor,60.26,37.97,0.89,0.89,97,2.09,100
Oistins,13.07,-59.53,28.0,28.0,83,6.2,20
Goderich,43.74,-81.71,13.14,15.0,84,1.79,0
Faanui,-16.48,-151.75,26.59,26.59,76,9.0,54
Sayyan,15.17,44.32,21.99,21.99,60,0.69,22
Ayan,38.23,44.7,8.19,8.19,21,2.58,0
Castro,-42.48,-73.76,10.0,10.0,100,1.5,0
Lompoc,34.64,-120.46,27.42,32.78,27,3.6,1
Oruro,-17.97,-67.11,13.29,13.29,48,5.51,15
Bandiagara,14.35,-3.61,30.0,30.0,84,3.1,0
Olinda,-37.84,145.39,13.15,15.56,62,3.1,75
Sokoto,13.06,5.24,28.59,28.59,54,3.94,30
Cape Town,-33.93,18.42,14.73,16.11,76,4.1,0
Mataura,-46.19,168.86,5.56,5.56,79,2.24,100
Airai,-8.93,125.41,28.19,28.19,46,1.35,41
Mar Del Plata,-46.43,-67.52,16.99,16.99,37,4.33,3
Avera,33.19,-82.53,26.49,28.0,58,0.6,1
Shingu,33.72,135.99,24.0,24.0,64,1.0,40
Ushuaia,-54.81,-68.31,7.0,7.0,70,2.1,75
Kodiak,39.95,-94.76,23.1,24.0,83,4.6,40
Saint-georges,46.12,-70.67,10.0,12.22,100,4.68,100
Jamestown,-33.21,138.6,15.39,15.39,53,4.73,0
Vaini,15.34,74.49,22.0,22.0,94,1.0,75
Lavrentiya,65.58,-170.99,2.19,2.19,62,2.28,50
Nanortalik,60.14,-45.24,5.69,5.69,77,0.62,78
Latung,-8.45,120.42,28.59,28.59,55,1.05,100
Miraflores,-16.39,-71.52,14.0,14.0,33,1.0,0
Esperance,-33.86,121.89,17.0,17.0,36,6.2,52
Yuty,-26.61,-56.25,21.69,21.69,63,3.38,12
Hobart,-42.88,147.33,12.51,13.33,46,2.6,75
Cabedelo,-6.97,-34.84,24.0,24.0,83,3.1,40
Mataura,-46.19,168.86,5.56,5.56,79,2.24,100
Pevek,69.7,170.27,1.29,1.29,94,5.22,100
Busselton,-33.64,115.35,16.59,18.33,61,6.23,62
Ushuaia,-54.81,-68.31,7.0,7.0,70,2.1,75
Rikitea,-23.12,-134.97,21.69,21.69,65,1.97,76
Lebu,8.96,38.73,13.29,13.29,89,0.54,89
Kodiak,39.95,-94.76,23.1,24.0,83,4.6,40
Cape Town,-33.93,18.42,14.73,16.11,76,4.1,0
Albany,42.65,-73.75,14.6,17.22,93,1.5,90
Taksimo,56.36,114.84,7.39,7.39,74,1.01,27
Aklavik,68.22,-135.01,8.0,8.0,61,2.1,40
Talnakh,69.49,88.39,1.0,1.0,84,7.0,75
Bam,29.11,58.36,13.99,13.99,30,1.52,0
Albany,42.65,-73.75,14.6,17.22,93,1.5,90
Narasannapeta,18.42,84.04,24.49,24.49,96,3.67,100
Ngunguru,-35.62,174.5,15.59,15.59,59,7.2,0
Nikolskoye,59.7,30.79,1.73,5.0,94,1.0,0
Bosaso,11.28,49.18,29.89,29.89,69,2.91,0
Nanortalik,60.14,-45.24,5.69,5.69,77,0.62,78
Rikitea,-23.12,-134.97,21.69,21.69,65,1.97,76
Hermanus,-34.42,19.24,13.58,13.89,80,5.36,0
Kapaa,22.08,-159.32,28.16,30.0,78,2.1,90
Victoria,5.28,115.24,30.04,31.0,55,4.6,75
Bredasdorp,-34.53,20.04,13.94,14.0,67,6.2,20
Kuybyshevo,44.63,33.86,16.99,16.99,60,8.95,100
Khatanga,71.98,102.47,0.99,0.99,78,4.7,54
Constitucion,23.99,-104.67,19.26,20.0,52,3.1,90
Dongli,24.18,117.61,25.0,25.0,57,5.0,0
Kapaa,22.08,-159.32,28.16,30.0,78,2.1,90
Bambous Virieux,-20.34,57.76,21.83,22.0,88,5.7,75
Avarua,-21.21,-159.78,24.0,24.0,60,6.2,25
Srostki,52.42,85.7,6.99,6.99,67,1.96,19
Chemal,51.41,86.0,4.39,4.39,74,1.46,15
Voineasa,45.42,23.96,13.93,14.0,82,0.5,90
Maniitsoq,65.42,-52.9,4.69,4.69,75,1.81,0
Bluff,-23.58,149.07,23.89,23.89,53,5.5,45
Siverek,37.75,39.32,20.0,20.0,32,0.38,0
Yellowknife,62.45,-114.38,6.84,7.0,65,4.6,75
Butaritari,3.07,172.79,29.09,29.09,75,5.69,25
New Norfolk,-42.78,147.06,12.74,13.33,46,2.6,75
Ushuaia,-54.81,-68.31,7.0,7.0,70,2.1,75
Rawson,-43.3,-65.11,15.79,15.79,49,3.78,23
Cape Town,-33.93,18.42,14.73,16.11,76,4.1,0
College,64.86,-147.8,6.45,8.33,60,2.6,90
Puerto Madero,-34.61,-58.36,19.17,20.56,52,0.5,0
Souillac,45.6,-0.6,15.38,17.22,93,3.6,20
Longyearbyen,78.22,15.63,3.0,3.0,86,3.1,75
Kroya,-6.5,108.06,26.59,26.59,56,2.76,14
Oksfjord,70.24,22.35,4.34,6.0,80,3.1,96
Katsuura,33.93,134.5,23.61,25.56,69,4.1,20
Mareeba,-16.99,145.42,25.76,28.0,54,8.2,90
Albany,42.65,-73.75,14.6,17.22,93,1.5,90
Ledyard,41.44,-72.02,17.13,20.0,67,2.6,20
Atuona,-9.8,-139.03,26.49,26.49,76,8.03,0
Garowe,8.41,48.48,25.79,25.79,57,6.58,82
Kurilsk,45.23,147.88,13.29,13.29,66,12.75,18
Dayong,25.02,118.29,25.0,25.0,57,5.0,0
Rikitea,-23.12,-134.97,21.69,21.69,65,1.97,76
Kapaa,22.08,-159.32,28.16,30.0,78,2.1,90
Bambous Virieux,-20.34,57.76,21.83,22.0,88,5.7,75
Vaitape,-16.52,-151.75,26.59,26.59,76,9.0,54
Esperance,-33.86,121.89,17.0,17.0,36,6.2,52
Gazojak,41.19,61.4,13.99,13.99,32,4.29,0
Rikitea,-23.12,-134.97,21.69,21.69,65,1.97,76
Ust-kulom,61.69,53.69,1.39,1.39,97,3.16,100
Tuktoyaktuk,69.44,-133.03,5.0,5.0,80,1.5,20
Qaanaaq,77.48,-69.36,-6.31,-6.31,87,2.57,96
Esperance,-33.86,121.89,17.0,17.0,36,6.2,52
Victoria,5.28,115.24,30.04,31.0,55,4.6,75
Ushuaia,-54.81,-68.31,7.0,7.0,70,2.1,75
Almaty,43.24,76.95,12.0,12.0,71,2.0,75
Thinadhoo,0.53,72.93,26.99,26.99,66,0.13,100
Souillac,45.6,-0.6,15.38,17.22,93,3.6,20
Lasa,34.92,32.53,19.28,20.0,63,3.1,0
Zenzeli,45.92,47.05,12.09,12.09,71,4.61,86
Hithadhoo,-0.6,73.08,27.39,27.39,73,4.35,100
Skjervoy,70.03,20.97,8.29,8.29,60,5.01,89
Port Elizabeth,39.31,-74.98,20.02,23.0,63,2.6,1
Busselton,-33.64,115.35,16.59,18.33,61,6.23,62
Talara,-4.58,-81.27,17.49,17.49,94,6.38,76
Kedrovyy,56.17,91.82,5.0,5.0,80,3.0,0
Arraial Do Cabo,-22.97,-42.02,20.0,20.0,64,4.1,0
Carinhanha,-14.3,-43.77,24.79,24.79,46,3.31,20
Busselton,-33.64,115.35,16.59,18.33,61,6.23,62
Nanortalik,60.14,-45.24,5.69,5.69,77,0.62,78
Ushuaia,-54.81,-68.31,7.0,7.0,70,2.1,75
Kajaani,64.22,27.73,1.0,1.0,80,0.5,75
Nikolskoye,59.7,30.79,1.73,5.0,94,1.0,0
Rikitea,-23.12,-134.97,21.69,21.69,65,1.97,76
Ushuaia,-54.81,-68.31,7.0,7.0,70,2.1,75
Hastings,-39.64,176.84,12.89,12.89,54,8.38,3
Rikitea,-23.12,-134.97,21.69,21.69,65,1.97,76
Hermanus,-34.42,19.24,13.58,13.89,80,5.36,0
Ilulissat,69.22,-51.1,3.0,3.0,86,6.23,86
Qaanaaq,77.48,-69.36,-6.31,-6.31,87,2.57,96
Toledo,39.86,-4.02,18.44,18.89,57,6.42,0
Bismarck,46.81,-100.78,13.52,14.0,71,6.2,1
Iqaluit,63.75,-68.52,2.89,3.0,83,1.5,75
Bluff,-23.58,149.07,23.89,23.89,53,5.5,45
Rikitea,-23.12,-134.97,21.69,21.69,65,1.97,76
Port Alfred,-33.59,26.89,12.22,12.22,73,1.34,61
Sola,-3.17,33.8,21.89,21.89,55,1.33,83
Nyurba,63.29,118.35,2.79,2.79,90,0.89,82
Georgetown,6.8,-58.16,27.92,29.0,74,5.1,40
Rognan,67.1,15.4,3.52,5.0,47,5.1,0
Vaini,15.34,74.49,22.0,22.0,94,1.0,75
Vaini,15.34,74.49,22.0,22.0,94,1.0,75
Vaini,15.34,74.49,22.0,22.0,94,1.0,75
Acapulco,16.86,-99.88,29.0,29.0,79,1.0,75
Busselton,-33.64,115.35,16.59,18.33,61,6.23,62
Hithadhoo,-0.6,73.08,27.39,27.39,73,4.35,100
Hermanus,-34.42,19.24,13.58,13.89,80,5.36,0
East London,-33.02,27.91,11.39,11.39,70,1.48,90
Busselton,-33.64,115.35,16.59,18.33,61,6.23,62
Punta Arenas,-53.16,-70.91,6.84,7.0,75,4.6,40
Jamestown,-33.21,138.6,15.39,15.39,53,4.73,0
Scarborough,54.28,-0.41,13.98,15.0,100,2.6,100
Busselton,-33.64,115.35,16.59,18.33,61,6.23,62
Port Macquarie,-31.43,152.91,20.98,22.22,39,2.6,1
Punta Arenas,-53.16,-70.91,6.84,7.0,75,4.6,40
Faanui,-16.48,-151.75,26.59,26.59,76,9.0,54
Faanui,-16.48,-151.75,26.59,26.59,76,9.0,54
Anadyr,64.73,177.51,3.94,4.0,64,5.0,20
Cape Town,-33.93,18.42,14.73,16.11,76,4.1,0
Ulladulla,-35.36,150.48,15.52,16.11,59,2.6,75
La Asuncion,-26.05,-65.39,12.49,12.49,49,1.43,0
Camacha,33.08,-16.33,23.14,24.0,88,2.1,40
Hobart,-42.88,147.33,12.74,13.33,46,2.6,75
Saint-philippe,45.36,-73.48,13.94,15.0,87,2.32,90
Nikolskoye,59.7,30.79,1.73,5.0,94,1.0,0
Atuona,-9.8,-139.03,26.49,26.49,76,8.03,0
Ushuaia,-54.81,-68.31,7.0,7.0,70,2.1,75
Guerrero Negro,27.97,-114.04,20.39,20.39,86,6.62,39
Albany,42.65,-73.75,14.6,17.22,93,1.5,90
Busselton,-33.64,115.35,16.59,18.33,61,6.23,62
Barrow,-38.31,-60.23,13.09,13.09,54,1.17,0
Ancud,-41.87,-73.83,10.0,10.0,100,1.5,0
Tuktoyaktuk,69.44,-133.03,5.0,5.0,80,1.5,20
Vaini,15.34,74.49,22.0,22.0,94,1.0,75
Victoria,5.28,115.24,30.04,31.0,55,4.6,75
Ocean City,30.44,-86.61,28.49,30.0,66,4.6,20
Busselton,-33.64,115.35,16.59,18.33,61,6.23,62
San Cristobal,14.68,-86.92,22.99,22.99,84,1.01,79
Holme,56.11,10.17,13.37,14.0,100,2.1,100
Athabasca,54.72,-113.29,11.89,11.89,54,3.97,39
Castro,-42.48,-73.76,10.0,10.0,100,1.5,0
Sabha,27.03,14.43,26.89,26.89,22,3.31,0
Pevek,69.7,170.27,1.29,1.29,94,5.22,100
Peniche,39.36,-9.38,16.28,17.0,88,2.6,20
Solnechnyy,50.72,136.64,8.39,8.39,48,6.76,16
Lebu,8.96,38.73,13.29,13.29,89,0.54,89
Grass Valley,39.22,-121.06,32.82,36.67,25,3.6,1
Vilhena,-12.74,-60.15,23.49,23.49,74,1.33,89
Danilov,58.19,40.17,3.0,3.0,86,4.0,40
Mataura,-46.19,168.86,5.56,5.56,79,2.24,100
Vangaindrano,-23.35,47.6,18.99,18.99,96,0.49,40
Punta Arenas,-53.16,-70.91,6.84,7.0,75,4.6,40
Grand-santi,4.27,-54.38,22.79,22.79,97,1.05,100
Jamestown,-33.21,138.6,15.39,15.39,53,4.73,0
Dikson,73.51,80.55,2.79,2.79,96,9.07,100
Isangel,-19.55,169.27,26.0,26.0,61,4.1,75
Hammerfest,70.66,23.68,6.0,6.0,74,8.7,75
Bundibugyo,0.71,30.06,11.59,11.59,84,2.13,32
Kendari,-3.99,122.52,28.79,28.79,65,0.16,8
Puerto Ayora,-0.74,-90.35,21.6,23.0,69,4.6,0
A Coruna,43.37,-8.4,15.13,17.22,82,2.6,20
Kapaa,22.08,-159.32,28.16,30.0,78,2.1,90
Hobart,-42.88,147.33,12.74,13.33,46,2.6,75
Ormara,25.21,64.64,27.39,27.39,81,2.86,1
Ostrovnoy,68.05,39.51,2.69,2.69,92,5.05,95
Bambous Virieux,-20.34,57.76,21.83,22.0,88,5.7,75
Nivnice,48.98,17.64,11.8,13.89,93,1.0,99
Ampanihy,-24.69,44.75,19.39,19.39,84,4.03,94
Crib Point,-38.35,145.2,13.38,15.56,80,2.24,90
Palana,59.08,159.95,10.09,10.09,77,3.8,100
Luderitz,-26.65,15.16,31.0,31.0,10,11.8,0
Hobart,-42.88,147.33,12.74,13.33,46,2.6,75
Port Alfred,-33.59,26.89,12.22,12.22,73,1.34,61
Fairbanks,64.84,-147.72,6.16,6.67,60,2.6,90
Hilo,19.71,-155.08,24.91,30.0,55,5.1,75
Ust-nera,64.57,143.24,-3.01,-3.01,63,2.76,3
Hobart,-42.88,147.33,12.74,13.33,46,2.6,75
Bethel,60.79,-161.76,10.31,11.0,57,8.2,75
Hithadhoo,-0.6,73.08,27.39,27.39,73,4.35,100
Karaton,-6.34,106.1,26.77,27.0,74,2.1,20
Punta Arenas,-53.16,-70.91,6.84,7.0,75,4.6,40
Itarema,-2.92,-39.92,25.09,25.09,76,4.79,74
Bambous Virieux,-20.34,57.76,21.83,22.0,88,5.7,75
Kichera,55.93,110.1,7.99,7.99,78,0.68,0
Ushuaia,-54.81,-68.31,7.0,7.0,70,2.1,75
Severo-kurilsk,50.68,156.12,9.59,9.59,79,11.1,61
Ancud,-41.87,-73.83,10.0,10.0,100,1.5,0
Ponta Do Sol,-20.63,-46.0,19.79,19.79,74,2.13,51
Grand Forks,47.91,-97.06,16.91,19.0,88,1.5,40
Severo-kurilsk,50.68,156.12,9.59,9.59,79,11.1,61
Gewane,10.16,40.66,28.69,28.69,47,2.41,91
Saskylakh,71.97,114.09,1.19,1.19,93,3.78,98
Xian,42.76,-8.49,15.18,17.22,100,1.0,75
Laguna,16.17,-88.94,31.0,31.0,74,2.1,40
Ndioum,16.51,-14.65,29.0,29.0,79,1.0,0
Ribeira Grande,38.52,-28.7,21.39,21.39,66,4.76,0
Polessk,54.86,21.11,10.34,13.89,87,3.0,0
Hilton Head Island,32.16,-80.75,26.45,28.0,78,2.6,1
Jamestown,-33.21,138.6,15.39,15.39,53,4.73,0
Ushuaia,-54.81,-68.31,7.0,7.0,70,2.1,75
Punta Arenas,-53.16,-70.91,6.84,7.0,75,4.6,40
Albany,42.65,-73.75,14.6,17.22,93,1.5,90
Punta Arenas,-53.16,-70.91,6.84,7.0,75,4.6,40
Jacareacanga,-6.22,-57.76,25.89,25.89,77,1.09,98
Gat,14.69,-16.54,26.54,27.0,88,1.5,20
Esperance,-33.86,121.89,17.0,17.0,36,6.2,52
Vanimo,-2.67,141.3,27.69,27.69,75,1.09,75
Albany,42.65,-73.75,14.6,17.22,93,1.5,90
Fortuna,40.6,-124.16,21.13,25.0,82,6.2,1
Serebryanyy Bor,56.8,124.8,0.79,0.79,90,0.54,91
Khatanga,71.98,102.47,0.99,0.99,78,4.7,54
Taltal,-25.41,-70.49,10.69,10.69,88,2.06,66
Kargil,34.56,76.13,7.99,7.99,63,2.56,0
Punta Arenas,-53.16,-70.91,6.84,7.0,75,4.6,40
Klaksvik,62.23,-6.59,11.0,11.0,100,8.2,100
Mataura,-46.19,168.86,5.56,5.56,79,2.24,100
Qaanaaq,77.48,-69.36,-6.31,-6.31,87,2.57,96
Cherskiy,68.75,161.3,1.39,1.39,59,3.6,0
Norman Wells,65.28,-126.83,8.0,8.0,61,3.1,75
Yellowknife,62.45,-114.38,6.84,7.0,65,4.6,75
Lorengau,-2.02,147.27,29.19,29.19,68,3.47,80
San Jeronimo,-13.65,-73.37,11.09,11.09,86,2.61,42
Vaini,15.34,74.49,22.0,22.0,94,1.0,75
Albany,42.65,-73.75,14.6,17.22,93,1.5,90
Bethel,60.79,-161.76,10.31,11.0,57,8.2,75
Cabedelo,-6.97,-34.84,24.0,24.0,83,3.1,40
Sungairaya,0.7,108.9,27.69,27.69,76,3.6,80
Albany,42.65,-73.75,14.6,17.22,93,1.5,90
Rikitea,-23.12,-134.97,21.69,21.69,65,1.97,76
Puerto Ayora,-0.74,-90.35,21.6,23.0,69,4.6,0
Cap Malheureux,-19.98,57.61,21.86,22.0,88,5.7,75
Saint-georges,46.12,-70.67,10.0,12.22,100,4.68,100
Kaitangata,-46.28,169.85,6.11,6.11,69,4.02,95
Jamestown,-33.21,138.6,15.39,15.39,53,4.73,0
Huarmey,-10.07,-78.15,16.59,16.59,93,6.11,49
Dudinka,69.41,86.18,1.0,1.0,96,7.0,75
Mataura,-46.19,168.86,5.56,5.56,79,2.24,100
Albany,42.65,-73.75,14.6,17.22,93,1.5,90
Narasannapeta,18.42,84.04,24.49,24.49,96,3.67,100
Tilichiki,60.47,166.1,3.19,3.19,94,5.7,100
Srednekolymsk,67.46,153.71,0.79,0.79,53,4.68,0
Charleston,32.79,-79.94,25.47,27.0,88,1.16,1
Albany,42.65,-73.75,14.6,17.22,93,1.5,90
Strezhevoy,60.73,77.6,2.0,2.0,94,5.0,0
Hithadhoo,-0.6,73.08,27.39,27.39,73,4.35,100
Kruisfontein,-34.0,24.73,8.79,8.79,83,4.26,1
Punta Arenas,-53.16,-70.91,6.84,7.0,75,4.6,40
Neopolis,-10.32,-36.58,20.49,20.49,94,1.3,12
Mudon,16.26,97.73,24.29,24.29,88,3.55,52
San Patricio,-26.98,-56.83,19.59,19.59,77,2.71,0
Margate,-43.03,147.26,12.96,13.33,46,2.6,75
Kapaa,22.08,-159.32,28.16,30.0,78,2.1,90
Guerrero Negro,27.97,-114.04,20.39,20.39,86,6.62,39
Geraldton,49.72,-86.95,16.0,16.0,67,7.2,90
Topolobampo,25.6,-109.05,29.73,30.0,58,5.1,5
Puerto Baquerizo Moreno,-0.9,-89.6,21.0,21.0,83,5.1,75
Tuktoyaktuk,69.44,-133.03,5.0,5.0,80,1.5,20
Busselton,-33.64,115.35,16.59,18.33,61,6.23,62
Baruun-urt,46.68,113.28,14.49,14.49,33,4.03,0
Halmstad,56.67,12.86,12.09,12.22,87,4.1,100
Puerto Ayora,-0.74,-90.35,21.6,23.0,69,4.6,0
Dingle,11.0,122.67,26.89,26.89,84,2.91,8
Sitka,37.17,-99.65,27.01,28.89,64,5.81,48
Busselton,-33.64,115.35,16.59,18.33,61,6.23,62
Port Alfred,-33.59,26.89,12.22,12.22,73,1.34,61
New Norfolk,-42.78,147.06,12.96,13.33,46,2.6,75
Bambous Virieux,-20.34,57.76,21.83,22.0,88,5.7,75
Doha,25.29,51.53,32.0,32.0,79,3.1,20
Hermanus,-34.42,19.24,13.58,13.89,80,5.36,0
La Ronge,55.1,-105.3,10.0,10.0,57,9.8,75
Port Elizabeth,39.31,-74.98,19.77,23.0,77,1.5,1
Nikolskoye,59.7,30.79,1.73,5.0,94,1.0,0
Ugoofaaru,5.67,73.0,27.49,27.49,79,8.54,100
Nauchnyy Gorodok,53.42,83.52,8.0,8.0,61,4.0,0
Dikson,73.51,80.55,2.79,2.79,96,9.07,100
Smiths Falls,44.9,-76.02,13.8,15.0,72,3.1,90
Wanaka,-44.7,169.14,10.0,10.0,43,4.02,60
Flinders,-34.58,150.85,18.55,21.11,59,2.6,75
Skibbereen,51.55,-9.27,14.0,14.0,93,8.2,75
Faya,18.39,42.45,19.52,20.0,63,1.24,0
Puerto Baquerizo Moreno,-0.9,-89.6,21.0,21.0,83,5.1,75
Nanortalik,60.14,-45.24,5.69,5.69,77,0.62,78
Rikitea,-23.12,-134.97,21.69,21.69,65,1.97,76
Yarim,14.3,44.38,20.99,20.99,65,0.99,34
Ribeira Grande,38.52,-28.7,21.39,21.39,66,4.76,0
Puerto Ayora,-0.74,-90.35,21.6,23.0,69,4.6,0
Thompson,55.74,-97.86,10.0,10.0,76,7.7,90
Cidreira,-30.17,-50.22,15.79,15.79,90,3.56,0
Lebu,8.96,38.73,13.29,13.29,89,0.54,89
Qaanaaq,77.48,-69.36,-6.31,-6.31,87,2.57,96
Hermanus,-34.42,19.24,13.58,13.89,80,5.36,0
Rehoboth,-23.31,17.08,9.29,9.29,15,2.52,0
Kaili,-3.46,120.21,20.29,20.29,70,0.8,42
Bubaque,11.28,-15.83,27.79,27.79,82,5.78,53
Faya,18.39,42.45,19.52,20.0,63,1.24,0
Bon Accord,53.84,-113.41,14.04,15.0,41,3.1,20
Trincomalee,8.58,81.23,22.89,22.89,91,1.02,90
Idlib,35.93,36.64,18.0,18.0,82,1.5,0
Los Llanos De Aridane,28.66,-17.92,22.0,22.0,73,5.1,20
Cape Town,-33.93,18.42,14.73,16.11,76,4.1,0
Santa Isabel,32.63,-115.58,33.24,35.0,17,3.1,40
Vaini,15.34,74.49,22.0,22.0,94,1.0,75
Cape Town,-33.93,18.42,14.73,16.11,76,4.1,0
Atuona,-9.8,-139.03,26.49,26.49,76,8.03,0
Santa Margherita Ligure,44.33,9.21,18.5,21.0,73,2.1,40
Kodiak,39.95,-94.76,23.1,24.0,83,4.6,40
Upernavik,72.79,-56.15,1.99,1.99,88,4.4,100
Pierre,44.37,-100.35,20.51,21.11,56,3.1,1
Port Alfred,-33.59,26.89,12.22,12.22,73,1.34,61
Leningradskiy,69.38,178.42,1.49,1.49,97,3.65,100
Solana Beach,32.99,-117.27,25.06,28.0,57,3.1,1
Rikitea,-23.12,-134.97,21.69,21.69,65,1.97,76
New Norfolk,-42.78,147.06,12.96,13.33,46,2.6,75
Ugoofaaru,5.67,73.0,27.49,27.49,79,8.54,100
Paamiut,61.99,-49.67,4.79,4.79,88,13.57,100
Sola,-3.17,33.8,21.89,21.89,55,1.33,83
Narrabri,-30.33,149.78,19.49,20.0,19,3.1,68
Cornwall,45.02,-74.73,13.27,15.0,93,2.1,90
Ribeira Grande,38.52,-28.7,21.39,21.39,66,4.76,0
Rikitea,-23.12,-134.97,21.69,21.69,65,1.97,76
Albany,42.65,-73.75,14.6,17.22,93,1.5,90
Arraial Do Cabo,-22.97,-42.02,20.0,20.0,64,4.1,0
Adrar,27.87,-0.29,32.0,32.0,10,5.7,0
Eydhafushi,5.1,73.07,27.09,27.09,80,6.1,100
Busselton,-33.64,115.35,16.59,18.33,61,6.23,62
Saint-philippe,45.36,-73.48,13.94,15.0,87,2.32,90
Rognan,67.1,15.4,3.52,5.0,47,5.1,0
East London,-33.02,27.91,11.39,11.39,70,1.48,90
Slave Lake,55.28,-114.77,13.0,13.0,54,5.1,90
Butaritari,3.07,172.79,29.09,29.09,75,5.69,25
Nanakuli,21.39,-158.15,29.93,31.0,62,3.1,90
Guerrero Negro,27.97,-114.04,20.39,20.39,86,6.62,39
Mataura,-46.19,168.86,6.11,6.11,75,2.68,100
Pisco,-13.71,-76.2,17.11,17.22,82,5.1,0
Ushuaia,-54.81,-68.31,7.0,7.0,70,2.1,75
Atambua,-9.11,124.89,25.29,25.29,75,2.74,39
Port Elizabeth,39.31,-74.98,19.77,23.0,77,1.5,1
Thompson,55.74,-97.86,10.0,10.0,76,7.7,90
Port Elizabeth,39.31,-74.98,19.77,23.0,77,1.5,1
Puerto Carreno,6.19,-67.49,27.0,27.0,78,1.14,29
Atambua,-9.11,124.89,25.29,25.29,75,2.74,39
Chokurdakh,70.62,147.9,-1.01,-1.01,62,3.1,0
Ushuaia,-54.81,-68.31,7.0,7.0,70,2.1,75
Ilulissat,69.22,-51.1,3.0,3.0,86,6.23,86
Mayo,63.59,-135.9,9.0,9.0,61,1.5,20
Najran,17.54,44.22,23.0,23.0,28,2.1,0
Vostok,46.45,135.83,7.39,7.39,63,3.38,0
Mount Gambier,-37.83,140.78,14.0,14.0,76,3.1,75
Lerwick,60.15,-1.15,12.0,12.0,93,8.2,99
Ilulissat,69.22,-51.1,3.0,3.0,86,6.23,86
Iqaluit,63.75,-68.52,2.89,3.0,83,1.5,75
Shirokiy,53.87,39.17,2.78,2.78,83,0.45,0
Albany,42.65,-73.75,14.52,17.22,93,1.5,90
Zhizdra,53.75,34.74,0.19,0.19,94,1.25,0
Dikson,73.51,80.55,2.79,2.79,96,9.07,100
Jamestown,-33.21,138.6,15.39,15.39,53,4.73,0
Punta Arenas,-53.16,-70.91,7.37,7.78,75,4.6,40
Qaanaaq,77.48,-69.36,-6.31,-6.31,87,2.57,96
Avarua,-21.21,-159.78,24.0,24.0,60,6.2,25
Blagesti,46.68,26.65,11.14,13.0,93,0.5,50
Kavieng,-2.57,150.8,28.99,28.99,68,3.12,100
Ardahan,41.11,42.7,4.69,4.69,74,1.03,14
Port Lincoln,-34.72,135.86,13.09,13.09,75,4.95,17
Banda Aceh,5.56,95.32,27.59,27.59,77,2.56,97
Barrow,-38.31,-60.23,13.09,13.09,54,1.17,0
Bluff,-23.58,149.07,23.89,23.89,53,5.5,45
Albany,42.65,-73.75,14.52,17.22,93,1.5,90
Fort Nelson,58.81,-122.69,14.0,14.0,50,3.1,75
Kapaa,22.08,-159.32,28.3,30.0,78,2.1,90
Kaitong,44.81,123.15,17.79,17.79,35,5.27,0
Rikitea,-23.12,-134.97,21.69,21.69,65,1.97,76
Ilulissat,69.22,-51.1,3.0,3.0,86,6.23,86
Rikitea,-23.12,-134.97,21.69,21.69,65,1.97,76
Tuktoyaktuk,69.44,-133.03,5.0,5.0,80,1.5,20
Bluff,-23.58,149.07,23.89,23.89,53,5.5,45
Jamestown,-33.21,138.6,15.39,15.39,53,4.73,0
Mataura,-46.19,168.86,6.11,6.11,75,2.68,100
Hervey Bay,-25.3,152.85,25.74,26.67,57,5.7,57
Iqaluit,63.75,-68.52,2.89,3.0,83,1.5,75
Jamestown,-33.21,138.6,15.39,15.39,53,4.73,0
Mahebourg,-20.41,57.7,21.82,22.0,88,5.7,75
Qaanaaq,77.48,-69.36,-6.31,-6.31,87,2.57,96
Busselton,-33.64,115.35,17.35,18.89,59,6.23,62
Mareeba,-16.99,145.42,25.76,28.0,54,8.2,90
Atuona,-9.8,-139.03,26.49,26.49,76,8.03,0
Payo,-3.75,103.64,20.09,20.09,85,1.27,20
Kholodnyy,62.72,147.95,-4.81,-4.81,50,3.0,100
Albany,42.65,-73.75,14.52,17.22,93,1.5,90
Bredasdorp,-34.53,20.04,13.94,14.0,67,6.2,20
Kudahuvadhoo,2.67,72.89,26.59,26.59,76,3.5,100
Lagoa,37.14,-8.45,20.38,22.0,78,2.6,0
Vila,45.18,8.4,14.05,16.11,100,2.1,0
Machilipatnam,16.18,81.14,25.0,25.0,100,1.52,90
Tuktoyaktuk,69.44,-133.03,5.0,5.0,80,1.5,20
Havre-saint-pierre,50.23,-63.6,7.0,7.0,87,3.6,90
Kruisfontein,-34.0,24.73,8.79,8.79,83,4.26,1
Ushuaia,-54.81,-68.31,7.0,7.0,70,2.1,75
Busselton,-33.64,115.35,17.35,18.89,59,6.23,62
General Pico,-35.66,-63.75,18.49,18.49,31,2.57,0
Bereda,43.27,-7.54,14.45,16.67,82,2.6,20
Busselton,-33.64,115.35,17.35,18.89,59,6.23,62
San Quintin,17.54,120.52,25.59,25.59,74,1.84,0
Puerto Ayora,-0.74,-90.35,21.6,23.0,69,4.6,0
Busselton,-33.64,115.35,17.35,18.89,59,6.23,62
The Valley,18.22,-63.06,26.55,28.0,83,2.1,20
Port Alfred,-33.59,26.89,12.22,12.22,73,1.34,61
Comodoro Rivadavia,-45.87,-67.48,19.0,19.0,42,6.2,0
Nanortalik,60.14,-45.24,5.69,5.69,77,0.62,78
Busselton,-33.64,115.35,17.35,18.89,59,6.23,62
Shetpe,44.14,52.16,15.09,15.09,50,5.04,93
Qaanaaq,77.48,-69.36,-6.31,-6.31,87,2.57,96
Rikitea,-23.12,-134.97,21.69,21.69,65,1.97,76
Atuona,-9.8,-139.03,26.49,26.49,76,8.03,0
Rikitea,-23.12,-134.97,21.69,21.69,65,1.97,76
Atuona,-9.8,-139.03,26.49,26.49,76,8.03,0
Bluff,-23.58,149.07,23.89,23.89,53,5.5,45
Kahului,20.89,-156.47,28.66,33.0,43,8.7,40
Moose Factory,51.26,-80.61,16.0,16.0,67,4.1,1
Owando,-0.49,15.91,23.29,23.29,92,1.69,100
Ushuaia,-54.81,-68.31,7.0,7.0,70,2.1,75
Arraial Do Cabo,-22.97,-42.02,20.0,20.0,64,4.1,0
Rikitea,-23.12,-134.97,21.69,21.69,65,1.97,76
Ilulissat,69.22,-51.1,3.0,3.0,86,6.23,86
Gat,14.69,-16.54,26.54,27.0,88,1.5,20
Kodiak,39.95,-94.76,23.1,24.0,83,4.6,40
Hilo,19.71,-155.08,24.91,30.0,55,5.1,75
Puerto Ayora,-0.74,-90.35,21.6,23.0,69,4.6,0
Saldanha,41.42,-6.55,12.79,12.79,75,2.58,1
Namatanai,-3.66,152.44,26.99,26.99,83,5.2,86
Punta Arenas,-53.16,-70.91,7.37,7.78,75,4.6,40
Rikitea,-23.12,-134.97,21.69,21.69,65,1.97,76
Saskylakh,71.97,114.09,1.19,1.19,93,3.78,98
Thompson,55.74,-97.86,10.0,10.0,76,7.7,90
Arraial Do Cabo,-22.97,-42.02,20.0,20.0,64,4.1,0
Rikitea,-23.12,-134.97,21.69,21.69,65,1.97,76
Frunzivka,47.33,29.75,10.29,10.29,44,3.32,36
Esperance,-33.86,121.89,17.0,17.0,36,6.2,52
Dikson,73.51,80.55,2.79,2.79,96,9.07,100
Qaanaaq,77.48,-69.36,-6.31,-6.31,87,2.57,96
Jamestown,-33.21,138.6,15.39,15.39,53,4.73,0
Cap Malheureux,-19.98,57.61,21.86,22.0,88,5.7,75
Evensk,61.92,159.24,2.29,2.29,49,14.84,100
Kodiak,39.95,-94.76,23.1,24.0,83,4.6,40
Port Alfred,-33.59,26.89,12.22,12.22,73,1.34,61
Atuona,-9.8,-139.03,26.49,26.49,76,8.03,0
Rikitea,-23.12,-134.97,21.69,21.69,65,1.97,76
Churapcha,62.0,132.43,1.79,1.79,80,3.04,14
Baiyin,36.55,104.13,6.0,6.0,100,2.0,0
New Norfolk,-42.78,147.06,12.96,13.33,46,2.6,75
Hasaki,35.73,140.83,25.03,26.11,65,4.1,20
Arraial Do Cabo,-22.97,-42.02,20.0,20.0,64,4.1,0
Avarua,-21.21,-159.78,24.0,24.0,60,6.2,25
Svirstroy,60.8,33.72,-0.51,-0.51,88,1.36,96
Viedma,-40.81,-62.99,15.09,15.09,54,4.51,0
Sitka,37.17,-99.65,27.01,28.89,64,5.81,48
Qaanaaq,77.48,-69.36,-6.31,-6.31,87,2.57,96
Punta Arenas,-53.16,-70.91,7.37,7.78,75,4.6,40
Punta Arenas,-53.16,-70.91,7.37,7.78,75,4.6,40
Tuktoyaktuk,69.44,-133.03,5.0,5.0,80,1.5,20
Yarada,17.65,83.27,26.49,26.49,86,5.83,100
Stolin,51.89,26.85,3.59,3.59,67,3.68,0
Bluff,-23.58,149.07,23.89,23.89,53,5.5,45
Busselton,-33.64,115.35,17.35,18.89,59,6.23,62
Nelson Bay,-32.72,152.14,19.13,20.0,45,5.1,20
Jamestown,-33.21,138.6,15.39,15.39,53,4.73,0
Khatanga,71.98,102.47,0.99,0.99,78,4.7,54
Abu Samrah,35.3,37.18,17.49,17.49,74,2.24,0
Punta Arenas,-53.16,-70.91,7.37,7.78,75,4.6,40
Busselton,-33.64,115.35,17.35,18.89,59,6.23,62
Puerto Baquerizo Moreno,-0.9,-89.6,21.0,21.0,83,5.1,75
Hobart,-42.88,147.33,12.74,13.33,46,2.6,75
Lady Lake,28.92,-81.92,25.28,27.22,88,3.52,1
Bluff,-23.58,149.07,23.89,23.89,53,5.5,45
Bethel,60.79,-161.76,10.31,11.0,57,8.2,75
Zarechnyy,60.99,40.4,0.59,0.59,93,2.44,96
Bonavista,48.65,-53.11,7.22,7.22,87,2.68,85
Albany,42.65,-73.75,14.52,17.22,93,1.5,90
Norman Wells,65.28,-126.83,8.0,8.0,61,3.1,75
Kodiak,39.95,-94.76,23.1,24.0,83,4.6,40
Chokurdakh,70.62,147.9,-1.01,-1.01,62,3.1,0
Kasempa,-13.46,25.83,22.19,22.19,28,5.03,22
Nikolskoye,59.7,30.79,1.73,5.0,94,1.0,0
Tasiilaq,65.61,-37.64,5.0,5.0,93,3.1,100
Georgetown,6.8,-58.16,27.91,29.0,74,5.1,40
Constitucion,23.99,-104.67,19.07,20.0,52,3.1,90
Mahon,51.89,-8.4,14.26,14.44,93,8.2,75
Zhigansk,66.77,123.37,2.89,2.89,74,3.57,100
Itarema,-2.92,-39.92,25.09,25.09,76,4.79,74
Santa Cruz Del Sur,20.71,-78.0,24.89,24.89,92,3.08,96
Rikitea,-23.12,-134.97,21.69,21.69,65,1.97,76
Rongcheng,37.16,122.42,20.09,20.09,65,2.33,49
Barrow,-38.31,-60.23,13.09,13.09,54,1.17,0
Ushuaia,-54.81,-68.31,7.0,7.0,70,2.1,75
Presidente Olegario,-18.42,-46.42,22.78,22.78,64,2.17,91
San Patricio,-26.98,-56.83,19.59,19.59,77,2.71,0
Yellowknife,62.45,-114.38,6.84,7.0,65,4.6,75
Kenora,49.76,-94.48,12.61,14.0,87,1.5,75
Yellowknife,62.45,-114.38,6.84,7.0,65,4.6,75
Saint-philippe,45.36,-73.48,13.94,15.0,87,2.32,90
Atuona,-9.8,-139.03,26.49,26.49,76,8.03,0
Bredasdorp,-34.53,20.04,13.94,14.0,67,6.2,20
Rikitea,-23.12,-134.97,21.69,21.69,65,1.97,76
Kapaa,22.08,-159.32,28.3,30.0,78,2.1,90
Norman Wells,65.28,-126.83,8.0,8.0,61,3.1,75
Hay River,60.82,-115.79,11.0,11.0,66,1.5,75
Mataura,-46.19,168.86,6.11,6.11,75,2.68,100
Tasiilaq,65.61,-37.64,5.0,5.0,93,3.1,100
Saint-philippe,45.36,-73.48,13.94,15.0,87,2.32,90
Dikson,73.51,80.55,2.79,2.79,96,9.07,100
Sao Filipe,14.9,-24.5,26.89,26.89,90,5.97,100
Atuona,-9.8,-139.03,26.49,26.49,76,8.03,0
Bluff,-23.58,149.07,23.89,23.89,53,5.5,45
Alofi,-19.06,-169.92,26.0,26.0,61,5.7,75
Necochea,-38.55,-58.74,11.06,13.33,61,0.45,0
Conde,-11.81,-37.61,19.79,19.79,97,1.28,12
Monte Escobedo,22.3,-103.58,24.49,24.49,59,2.46,40
Atuona,-9.8,-139.03,26.49,26.49,76,8.03,0
Dunn,35.31,-78.61,21.0,25.0,88,2.0,1
Busselton,-33.64,115.35,17.35,18.89,59,6.23,62
Flagstaff,35.2,-111.65,20.06,24.44,49,3.1,1
Hambantota,6.12,81.12,24.0,24.0,100,2.1,75
Qaanaaq,77.48,-69.36,-6.31,-6.31,87,2.57,96
Cabo San Lucas,22.89,-109.91,28.25,30.0,69,9.3,5
Sepuka,-4.75,34.53,18.19,18.19,64,6.2,31
Bereznik,62.86,42.71,0.99,0.99,96,3.15,99
Punta Arenas,-53.16,-70.91,7.37,7.78,75,4.6,40
Ossora,59.24,163.07,7.69,7.69,97,6.78,100
Jalu,29.03,21.55,26.49,26.49,28,3.68,0
Longyearbyen,78.22,15.63,3.0,3.0,86,3.1,75
Bambous Virieux,-20.34,57.76,21.83,22.0,88,5.7,75
Coahuayana,18.62,-100.35,26.69,26.69,81,1.08,39
Ushuaia,-54.81,-68.31,7.0,7.0,70,2.1,75
Qasigiannguit,68.82,-51.19,3.0,3.0,86,0.5,100
Jamestown,-33.21,138.6,15.39,15.39,53,4.73,0
Henties Bay,-22.12,14.28,14.44,14.44,91,1.34,84
Kozulka,50.04,23.8,5.0,5.0,93,2.0,76
Iranshahr,27.21,60.69,30.0,30.0,55,3.52,0
Kamyshevatskaya,46.41,37.96,13.19,13.19,61,8.27,100
Vegueta,-11.02,-77.64,16.49,16.49,94,5.89,69
Dikson,73.51,80.55,2.79,2.79,96,9.07,100
Touros,-5.2,-35.46,24.0,24.0,78,4.1,0
Nikolskoye,59.7,30.79,1.73,5.0,94,1.0,0
Bambous Virieux,-20.34,57.76,21.83,22.0,88,5.7,75
Kapaa,22.08,-159.32,28.3,30.0,78,2.1,90
Mataura,-46.19,168.86,6.11,6.11,75,2.68,100
Khatanga,71.98,102.47,0.99,0.99,78,4.7,54
Kapaa,22.08,-159.32,28.3,30.0,78,2.1,90
Bethel,60.79,-161.76,10.31,11.0,57,8.2,75
Rawson,-43.3,-65.11,15.79,15.79,49,3.78,23
Kapaa,22.08,-159.32,28.3,30.0,78,2.1,90
Hobart,-42.88,147.33,12.74,13.33,46,2.6,75
Klaksvik,62.23,-6.59,11.0,11.0,100,8.2,100
Bluff,-23.58,149.07,23.89,23.89,53,5.5,45
Namatanai,-3.66,152.44,26.99,26.99,83,5.2,86
Hami,42.84,93.51,19.39,19.39,15,2.04,2
Aklavik,68.22,-135.01,8.0,8.0,61,2.1,40
Punta Arenas,-53.16,-70.91,7.37,7.78,75,4.6,40
Lebu,8.96,38.73,13.29,13.29,89,0.54,89
Beaverlodge,55.21,-119.43,12.0,12.0,54,8.2,75
Okha,53.59,142.95,7.59,7.59,80,18.65,100
Menongue,-14.66,17.68,15.89,15.89,18,2.07,0
Punta Arenas,-53.16,-70.91,7.37,7.78,75,4.6,40
Kapaa,22.08,-159.32,28.3,30.0,78,2.1,90
Hagi,34.43,131.51,20.17,22.0,72,2.6,40
Labuhan,-2.54,115.51,27.29,27.29,55,0.28,79
Iguape,-24.7,-47.56,17.39,17.39,96,0.71,100
Nikolskoye,59.7,30.79,1.73,5.0,94,1.0,0
Airai,-8.93,125.41,28.19,28.19,46,1.35,41
Mikhaylovka,52.96,103.29,10.99,10.99,89,1.29,0
Cairns,-16.92,145.77,25.64,28.0,54,8.2,90
Xiaoshan,30.19,120.26,22.12,22.22,60,3.0,0
Burns Lake,54.23,-125.76,8.49,8.49,65,4.98,91
Ushuaia,-54.81,-68.31,7.0,7.0,70,2.1,75
Ribeira Grande,38.52,-28.7,21.39,21.39,66,4.76,0
Killybegs,54.63,-8.45,13.89,13.89,96,0.45,33
Port Alfred,-33.59,26.89,12.22,12.22,73,1.34,61
Punta Arenas,-53.16,-70.91,7.37,7.78,75,4.6,40
Ribeira Grande,38.52,-28.7,21.39,21.39,66,4.76,0
Bredasdorp,-34.53,20.04,13.94,14.0,67,6.2,20
Tasiilaq,65.61,-37.64,5.0,5.0,93,3.1,100
Ushuaia,-54.81,-68.31,7.0,7.0,70,2.1,75
Kichmengskiy Gorodok,59.99,45.81,1.59,1.59,97,3.26,100
Port Alfred,-33.59,26.89,12.78,12.78,74,0.89,61
Talnakh,69.49,88.39,1.0,1.0,84,7.0,75
Rikitea,-23.12,-134.97,21.69,21.69,65,1.97,76
Rikitea,-23.12,-134.97,21.69,21.69,65,1.97,76
Port Alfred,-33.59,26.89,12.78,12.78,74,0.89,61
Mataura,-46.19,168.86,6.11,6.11,75,2.68,100
Ust-nera,64.57,143.24,-3.01,-3.01,63,2.76,3
Yerbogachen,61.28,108.01,3.79,3.79,88,3.2,23
Lewiston,44.1,-70.21,14.53,17.22,72,3.1,90
Rikitea,-23.12,-134.97,21.69,21.69,65,1.97,76
Mountain Home,43.13,-115.69,23.23,25.0,33,9.3,1
Pochinok,54.4,32.44,0.59,0.59,85,0.84,0
Alofi,-19.06,-169.92,26.0,26.0,61,5.7,75
Clyde River,70.47,-68.59,-1.0,-1.0,86,2.1,1
Ushuaia,-54.81,-68.31,7.0,7.0,70,2.1,75
Kattivakkam,13.22,80.32,27.64,28.0,88,2.6,40
Celestun,20.87,-90.4,28.69,28.69,78,4.13,98
Mujiayingzi,42.12,118.78,16.29,16.29,38,3.74,21
Hami,42.84,93.51,19.39,19.39,15,2.04,2
Bluff,-23.58,149.07,23.89,23.89,53,5.5,45
Castro,-42.48,-73.76,10.0,10.0,100,1.5,0
Qaqortoq,60.72,-46.03,7.0,7.0,52,1.0,40
Ajdabiya,30.75,20.22,26.59,26.59,66,4.87,0
East London,-33.02,27.91,11.39,11.39,70,1.48,90
Vaini,15.34,74.49,22.0,22.0,94,1.0,75
North Bend,43.41,-124.22,20.41,25.0,77,7.7,1
New Norfolk,-42.78,147.06,12.96,13.33,46,2.6,75
Boulder City,35.98,-114.83,31.9,35.0,9,5.1,1
Coihaique,-45.58,-72.07,12.0,12.0,76,2.1,90
Busselton,-33.64,115.35,17.35,18.89,59,6.23,62
Half Moon Bay,37.46,-122.43,30.93,33.0,17,8.7,1
Tiznit,29.7,-9.73,20.19,20.19,88,1.68,1
Mataura,-46.19,168.86,6.11,6.11,75,2.68,100
Quatre Cocos,-20.21,57.76,21.81,22.0,88,4.1,75
Uige,-7.61,15.06,20.69,20.69,92,0.74,98
Saldanha,41.42,-6.55,12.79,12.79,75,2.58,1
Castro,-42.48,-73.76,10.0,10.0,100,1.5,0
Mackay,53.65,-115.58,14.0,14.0,47,3.6,75
Douentza,15.01,-2.95,31.49,31.49,37,7.88,39
Arraial Do Cabo,-22.97,-42.02,20.0,20.0,64,4.1,0
Arraial Do Cabo,-22.97,-42.02,20.0,20.0,64,4.1,0
Saskylakh,71.97,114.09,1.19,1.19,93,3.78,98
Vaini,15.34,74.49,22.0,22.0,94,1.0,75
Lamar,38.09,-102.62,31.0,31.0,18,2.1,1
Bukachacha,52.99,116.91,9.39,9.39,71,0.4,0
Mataura,-46.19,168.86,6.11,6.11,75,2.68,100
Souillac,45.6,-0.6,15.23,17.22,93,3.6,20
Norman Wells,65.28,-126.83,8.0,8.0,61,3.1,75
Katsuura,33.93,134.5,22.44,23.0,69,4.1,20
Atuona,-9.8,-139.03,26.49,26.49,76,8.03,0
Marovoay,-16.11,46.64,23.0,23.0,78,2.1,0
Sasayama,35.07,135.23,23.16,26.11,64,2.1,20
Mataura,-46.19,168.86,6.11,6.11,75,2.68,100
Puerto Ayora,-0.74,-90.35,21.61,23.0,69,4.6,0
East London,-33.02,27.91,11.39,11.39,70,1.48,90
Joshimath,30.57,79.57,9.99,9.99,81,1.58,36
New Norfolk,-42.78,147.06,12.96,13.33,46,2.6,75
Panaba,21.28,-88.27,26.39,26.39,90,3.6,100
Saint-pierre,48.95,4.24,13.98,15.0,87,6.2,90
Bitkine,11.98,18.21,26.59,26.59,68,2.67,92
Hamilton,43.26,-79.87,15.94,18.0,77,2.6,20
Bubaque,11.28,-15.83,27.79,27.79,82,5.78,53
Port Lincoln,-34.72,135.86,13.09,13.09,75,4.95,17
Ilulissat,69.22,-51.1,3.0,3.0,86,6.23,86
Muroto,33.37,134.14,26.0,26.0,54,3.6,75
Havoysund,71.0,24.66,6.0,6.0,74,8.7,75
Qaanaaq,77.48,-69.36,-6.31,-6.31,87,2.57,96
Rikitea,-23.12,-134.97,21.69,21.69,65,1.97,76
Atuona,-9.8,-139.03,26.49,26.49,76,8.03,0
Den Helder,52.96,4.76,14.28,15.0,100,4.1,90
Nikolskoye,59.7,30.79,2.68,5.0,94,1.0,0
Kodiak,39.95,-94.76,23.1,24.0,83,4.6,40
Puerto Ayora,-0.74,-90.35,21.61,23.0,69,4.6,0
Ushuaia,-54.81,-68.31,7.0,7.0,70,2.1,75
Ambon,47.55,-2.56,16.0,17.22,87,7.2,27
Vaini,15.34,74.49,22.0,22.0,94,1.0,75
Bredasdorp,-34.53,20.04,13.94,14.0,67,6.2,20
Tamandare,-8.28,-70.75,27.29,27.29,59,0.44,47
Bethel,60.79,-161.76,10.31,11.0,57,8.2,75
Kavaratti,10.57,72.64,27.29,27.29,78,6.35,100
Pacific Grove,36.62,-121.92,29.49,35.0,26,5.1,1
Hami,42.84,93.51,19.39,19.39,15,2.04,2
Nikolskoye,59.7,30.79,2.68,5.0,94,1.0,0
Georgetown,6.8,-58.16,27.91,29.0,74,5.1,40
Albany,42.65,-73.75,14.52,17.22,93,1.5,90
Albany,42.65,-73.75,14.52,17.22,93,1.5,90
Mataura,-46.19,168.86,6.11,6.11,75,2.68,100
Hermanus,-34.42,19.24,13.58,13.89,80,6.26,0
Hilo,19.71,-155.08,24.9,30.0,55,5.1,75
Adamantina,-21.69,-51.08,26.0,26.0,44,5.7,40
Cabo San Lucas,22.89,-109.91,28.25,30.0,69,9.3,5
Busselton,-33.64,115.35,17.35,18.89,59,6.23,62
Cape Town,-33.93,18.42,14.73,16.11,76,4.1,0
Cairns,-16.92,145.77,25.64,28.0,54,8.2,90
Marawi,8.0,124.29,29.44,29.44,67,1.34,27
Catalina,-13.57,-76.13,17.11,17.22,82,5.1,0
Kasongo-lunda,-6.48,16.82,18.89,18.89,94,2.33,98
Mataura,-46.19,168.86,6.11,6.11,75,2.68,100
Darnah,32.77,22.64,24.89,24.89,83,7.22,0
Ouesso,1.61,16.05,23.09,23.09,85,1.15,27
Puerto Ayora,-0.74,-90.35,21.61,23.0,69,4.6,0
Qaanaaq,77.48,-69.36,-6.31,-6.31,87,2.57,96
Castro,-42.48,-73.76,10.0,10.0,100,1.5,0
Noyabrsk,63.2,75.45,0.69,0.69,93,7.13,100
Rikitea,-23.12,-134.97,21.69,21.69,65,1.97,76
Yellowknife,62.45,-114.38,6.84,7.0,65,4.6,75
Albany,42.65,-73.75,14.52,17.22,93,1.5,90
Artyom,43.36,132.19,15.0,15.0,47,1.18,0
Saint George,39.45,22.34,16.0,16.0,100,1.82,40
Pozo Colorado,-23.49,-58.8,29.79,29.79,29,3.79,82
Saskylakh,71.97,114.09,1.19,1.19,93,3.78,98
Saskylakh,71.97,114.09,1.19,1.19,93,3.78,98
Provideniya,64.42,-173.23,4.0,4.0,91,3.0,75
Lahad Datu,5.02,118.33,25.89,25.89,82,0.45,67
Atuona,-9.8,-139.03,26.49,26.49,76,8.03,0
Surt,31.21,16.59,25.79,25.79,81,4.12,1
Lompoc,34.64,-120.46,27.83,31.67,49,3.6,1
Rikitea,-23.12,-134.97,21.69,21.69,65,1.97,76
Isla Mujeres,21.23,-86.73,28.46,29.0,83,2.1,75
Derzhavinsk,51.1,66.31,4.49,4.49,58,4.1,53
Solnechnyy,50.72,136.64,8.39,8.39,48,6.76,16
Isla Mujeres,21.23,-86.73,28.46,29.0,83,2.1,75
Port Alfred,-33.59,26.89,12.78,12.78,74,0.89,61
Punta Arenas,-53.16,-70.91,7.37,7.78,75,4.6,40
Rikitea,-23.12,-134.97,21.69,21.69,65,1.97,76
Severo-kurilsk,50.68,156.12,9.59,9.59,79,11.1,61
Rikitea,-23.12,-134.97,21.69,21.69,65,1.97,76
Avarua,-21.21,-159.78,24.0,24.0,60,6.2,25
Koumac,-20.56,164.28,21.89,21.89,73,5.5,100
Alta Floresta,-9.87,-56.08,21.69,21.69,93,2.33,77
Brae,60.4,-1.35,12.0,12.0,93,11.3,99
Saskylakh,71.97,114.09,1.19,1.19,93,3.78,98
Nemuro,43.32,145.57,18.0,18.0,52,4.6,20
Souillac,45.6,-0.6,15.23,17.22,93,3.6,20
Atuona,-9.8,-139.03,26.49,26.49,76,8.03,0
Ystad,55.43,13.82,12.4,13.0,93,1.5,90
Saint-philippe,45.36,-73.48,13.88,15.0,87,2.32,90
Mahebourg,-20.41,57.7,21.82,22.0,88,5.7,75
Lavrentiya,65.58,-170.99,2.19,2.19,62,2.28,50
Sao Joao Da Barra,-21.64,-41.05,18.69,18.69,71,2.2,76
Rikitea,-23.12,-134.97,21.69,21.69,65,1.97,76
Kudahuvadhoo,2.67,72.89,26.59,26.59,76,3.5,100
Khatanga,71.98,102.47,0.99,0.99,78,4.7,54
Muros,42.77,-9.06,15.03,16.67,100,1.5,75
Avarua,-21.21,-159.78,24.0,24.0,60,6.2,25
Jamestown,-33.21,138.6,15.39,15.39,53,4.73,0
Atuona,-9.8,-139.03,26.49,26.49,76,8.03,0
Cache Creek,50.81,-121.33,16.54,20.0,50,1.0,75
Punta Arenas,-53.16,-70.91,7.37,7.78,75,4.6,40
Atuona,-9.8,-139.03,26.49,26.49,76,8.03,0
Husavik,50.56,-96.99,14.26,15.0,68,5.49,58
Mendi,9.8,35.1,16.99,16.99,95,1.75,96
Provideniya,64.42,-173.23,4.0,4.0,91,3.0,75
Faanui,-16.48,-151.75,26.59,26.59,76,9.0,54
Saldanha,41.42,-6.55,12.79,12.79,75,2.58,1
Saint-georges,46.12,-70.67,10.35,12.22,93,4.68,100
Chimoio,-19.11,33.48,18.0,18.0,100,1.83,75
Albany,42.65,-73.75,14.52,17.22,93,1.5,90
Illora,37.29,-3.88,18.57,23.33,71,1.0,0
Kaitangata,-46.28,169.85,6.67,6.67,70,4.02,95
Brownwood,31.71,-98.99,31.45,33.0,40,3.6,1
Hilo,19.71,-155.08,24.9,30.0,55,5.1,75
Tsumeb,-19.25,17.72,20.49,20.49,10,7.39,43
Bredasdorp,-34.53,20.04,13.94,14.0,67,6.2,20
Antofagasta,-23.65,-70.4,14.0,14.0,82,4.6,90
Carnarvon,-30.97,22.13,6.79,6.79,83,8.7,0
Bambous Virieux,-20.34,57.76,21.8,22.0,88,4.1,75
Punta Arenas,-53.16,-70.91,7.37,7.78,75,4.6,40
Cape Town,-33.93,18.42,14.73,16.11,76,4.1,0
Victoria,5.28,115.24,30.38,31.0,55,4.6,75
Tanout,14.97,8.88,32.49,32.49,14,3.83,0
Marawi,8.0,124.29,29.44,29.44,67,1.34,27
Thompson,55.74,-97.86,10.0,10.0,76,7.7,90
Carutapera,-1.2,-46.02,26.39,26.39,79,3.54,40
Bredasdorp,-34.53,20.04,13.94,14.0,67,6.2,20
Santander De Quilichao,3.01,-76.49,22.0,22.0,78,2.6,75
Saldanha,41.42,-6.55,12.79,12.79,75,2.58,1
Kununurra,-15.77,128.74,27.0,27.0,19,5.1,40
Ndioum,16.51,-14.65,29.0,29.0,79,1.0,0
Chuy,-33.69,-53.46,12.79,12.79,85,3.51,0
Vaini,15.34,74.49,22.0,22.0,94,1.0,75
Hermanus,-34.42,19.24,13.58,13.89,80,6.26,0
Qaanaaq,77.48,-69.36,-6.31,-6.31,87,2.57,96
Chitral,35.85,71.79,4.99,4.99,35,2.89,0
Bethel,60.79,-161.76,10.31,11.0,57,8.2,75
Bilibino,68.06,166.44,-5.11,-5.11,79,1.34,57
Hithadhoo,-0.6,73.08,27.39,27.39,73,4.35,100
Ushuaia,-54.81,-68.31,7.0,7.0,70,2.1,75
Puerto Ayora,-0.74,-90.35,21.61,23.0,69,4.6,0
Fort Nelson,58.81,-122.69,14.0,14.0,50,3.1,75
Ponta Do Sol,-20.63,-46.0,19.79,19.79,74,2.13,51
Kapaa,22.08,-159.32,28.3,30.0,78,2.1,90
Ushuaia,-54.81,-68.31,7.0,7.0,70,2.1,75
Bluff,-23.58,149.07,23.89,23.89,53,5.5,45
Hobart,-42.88,147.33,12.73,13.33,46,2.6,75
Cancun,21.17,-86.85,28.48,29.0,83,2.1,75
Mataura,-46.19,168.86,6.11,6.11,75,2.68,100
Hilo,19.71,-155.08,24.9,30.0,55,5.1,75
Ushuaia,-54.81,-68.31,7.0,7.0,70,2.1,75
Bluff,-23.58,149.07,23.89,23.89,53,5.5,45
Albany,42.65,-73.75,14.52,17.22,93,1.5,90
Faanui,-16.48,-151.75,26.59,26.59,76,9.0,54
Zhanaozen,43.35,52.85,15.49,15.49,48,4.3,84
Monte Patria,-30.69,-70.96,12.39,12.39,54,0.92,0
Lixourion,38.2,20.43,21.11,21.11,76,4.02,0
Birao,10.3,22.78,23.19,23.19,80,1.6,58
Horsham,-36.71,142.2,11.69,11.69,81,1.79,3
Nosy Varika,-20.58,48.53,21.39,21.39,92,3.12,97
Tiksi,71.64,128.87,1.99,1.99,82,5.91,59
Jamestown,-33.21,138.6,15.39,15.39,53,4.73,0
Ushuaia,-54.81,-68.31,7.0,7.0,70,2.1,75
Winnemucca,40.97,-117.74,24.44,24.44,35,1.81,0
Quang Ngai,15.12,108.8,22.49,22.49,91,0.89,62
Leningradskiy,69.38,178.42,1.49,1.49,97,3.65,100
Beberibe,-4.18,-38.13,26.0,26.0,78,5.1,20
Georgetown,6.8,-58.16,27.91,29.0,74,5.1,40
Marijampole,54.57,23.35,0.0,0.0,76,1.5,0
Makakilo City,21.35,-158.09,29.86,31.0,62,3.1,90
Rikitea,-23.12,-134.97,21.69,21.69,65,1.97,76
Avarua,-21.21,-159.78,24.0,24.0,60,6.2,25
Bredasdorp,-34.53,20.04,13.94,14.0,67,6.2,20
Lebu,8.96,38.73,13.29,13.29,89,0.54,89
Hobart,-42.88,147.33,12.73,13.33,46,2.6,75
Kodiak,39.95,-94.76,23.1,24.0,83,4.6,40
Arlit,18.74,7.39,31.59,31.59,14,3.14,0
Aksu,52.04,76.93,-1.0,-1.0,92,2.0,0
La Ronge,55.1,-105.3,10.0,10.0,61,7.2,75
Hobart,-42.88,147.33,12.73,13.33,46,2.6,75
Umtata,-31.59,28.78,8.0,8.0,87,2.1,81
Mogadishu,2.04,45.34,23.69,23.69,84,5.0,0
Mahebourg,-20.41,57.7,21.82,22.0,88,5.7,75
Qaanaaq,77.48,-69.36,-6.31,-6.31,87,2.57,96
Kihurio,-4.47,38.07,17.39,17.39,86,0.16,3
Butaritari,3.07,172.79,29.09,29.09,75,5.69,25
Hualmay,-11.1,-77.61,16.49,16.49,94,5.89,69
Thompson,55.74,-97.86,9.0,9.0,81,4.1,90
Ushuaia,-54.81,-68.31,7.0,7.0,70,2.1,75
Hithadhoo,-0.6,73.08,27.39,27.39,73,4.35,100
Dakoro,14.51,6.76,31.69,31.69,23,2.02,10
Springfield,42.1,-72.59,15.22,18.0,55,3.6,1
Rikitea,-23.12,-134.97,21.69,21.69,65,1.97,76
Mataura,-46.19,168.86,6.11,6.11,75,2.68,100
Barrow,-38.31,-60.23,13.09,13.09,54,1.17,0
Kailua,21.39,-157.74,29.99,31.0,62,3.1,90
Port Shepstone,-30.74,30.45,10.49,10.49,83,5.07,67
Albany,42.65,-73.75,14.52,17.22,93,1.5,90
Ponta Do Sol,-20.63,-46.0,19.79,19.79,74,2.13,51
Ushuaia,-54.81,-68.31,7.0,7.0,70,2.1,75
Songkhla,7.2,100.6,26.0,26.0,94,1.0,40
Okhotsk,59.36,143.24,3.19,3.19,76,10.33,100
Mar Del Plata,-46.43,-67.52,16.99,16.99,37,4.33,3
Carutapera,-1.2,-46.02,26.39,26.39,79,3.54,40
Castro,-42.48,-73.76,10.0,10.0,100,1.5,0
Saldanha,41.42,-6.55,12.79,12.79,75,2.58,1
Sao Sebastiao,-3.15,-58.36,28.39,28.39,53,0.57,85
Ushuaia,-54.81,-68.31,7.0,7.0,70,2.1,75
Vaini,15.34,74.49,22.0,22.0,94,1.0,75
Qaanaaq,77.48,-69.36,-6.31,-6.31,87,2.57,96
Vaini,15.34,74.49,22.0,22.0,94,1.0,75
Bilibino,68.06,166.44,-5.11,-5.11,79,1.34,57
Dikson,73.51,80.55,2.79,2.79,96,9.07,100
Lesnoy,59.78,52.13,0.79,0.79,95,3.65,100
Kapaa,22.08,-159.32,28.44,30.0,78,2.1,90
Port Elizabeth,39.31,-74.98,19.28,23.0,77,1.5,1
Namatanai,-3.66,152.44,26.99,26.99,83,5.2,86
Cherskiy,68.75,161.3,1.39,1.39,59,3.6,0
Faya,18.39,42.45,19.52,20.0,63,1.24,0
Tecoanapa,16.99,-99.26,28.0,28.0,78,1.5,75
Ayabaca,-4.64,-79.72,21.79,21.79,62,2.49,77
Mataura,-46.19,168.86,6.11,6.11,76,4.47,100
New Norfolk,-42.78,147.06,12.95,13.89,46,2.6,75
Sadasivpet,17.62,77.95,22.9,23.0,88,2.1,90
New Norfolk,-42.78,147.06,12.95,13.89,46,2.6,75
Barrow,-38.31,-60.23,13.09,13.09,54,1.17,0
Kodiak,39.95,-94.76,23.1,24.0,83,4.6,40
Sibolga,1.74,98.78,26.99,26.99,78,2.48,85
Todos Santos,23.45,-110.23,27.79,30.0,74,8.7,5
Waingapu,-9.65,120.26,25.89,25.89,71,6.04,80
Tasiilaq,65.61,-37.64,5.0,5.0,93,3.1,100
Avarua,-21.21,-159.78,24.0,24.0,60,6.2,25
Rikitea,-23.12,-134.97,21.69,21.69,65,1.97,76
Albany,42.65,-73.75,14.51,17.22,59,3.6,75
Itoman,26.12,127.67,25.37,26.0,83,4.6,75
Hobart,-42.88,147.33,12.73,13.33,46,2.6,75
Punta Arenas,-53.16,-70.91,7.35,7.78,75,4.6,40
Albany,42.65,-73.75,14.51,17.22,59,3.6,75
Lebu,8.96,38.73,13.29,13.29,89,0.54,89
Punta Arenas,-53.16,-70.91,7.35,7.78,75,4.6,40
East London,-33.02,27.91,11.39,11.39,70,1.48,90
Puerto Ayora,-0.74,-90.35,21.61,23.0,69,4.6,0
Tooele,40.53,-112.3,19.91,22.0,33,4.32,1
Virginia Beach,36.85,-75.98,21.65,23.89,83,4.23,90
Tasiilaq,65.61,-37.64,5.0,5.0,93,3.1,100
Linxia,35.6,103.21,7.39,7.39,64,2.94,0
Port Elizabeth,39.31,-74.98,19.28,23.0,77,1.5,1
Rikitea,-23.12,-134.97,21.69,21.69,65,1.97,76
Mataura,-46.19,168.86,6.11,6.11,76,4.47,100
Hambantota,6.12,81.12,24.0,24.0,100,2.1,75
Kapaa,22.08,-159.32,28.44,30.0,78,2.1,90
Faanui,-16.48,-151.75,26.59,26.59,76,9.0,54
Ushuaia,-54.81,-68.31,7.0,7.0,70,2.1,75
Vaini,15.34,74.49,22.0,22.0,94,1.0,75
Sycamore,41.99,-88.69,20.73,22.22,68,4.6,1
Tevaitoa,-16.78,-151.5,26.29,26.29,75,8.94,51
Victoria,5.28,115.24,30.38,31.0,55,4.6,75
Atuona,-9.8,-139.03,26.49,26.49,76,8.03,0
Hobart,-42.88,147.33,12.73,13.33,46,2.6,75
Bara,10.41,10.6,24.09,24.09,88,2.59,82
Vestmannaeyjar,63.44,-20.27,10.09,10.09,91,13.55,100
Barrow,-38.31,-60.23,13.09,13.09,54,1.17,0
Albany,42.65,-73.75,14.51,17.22,59,3.6,75
Mataura,-46.19,168.86,6.11,6.11,76,4.47,100
Avera,33.19,-82.53,25.86,27.22,69,0.6,1
Badvel,14.74,79.07,24.49,24.49,87,0.36,100
Carnarvon,-30.97,22.13,6.79,6.79,83,8.7,0
Obo,5.39,26.49,21.39,21.39,91,0.41,96
Gambela,8.25,34.59,20.29,20.29,84,2.16,95
Busselton,-33.64,115.35,17.57,18.89,57,6.23,62
Formosa,-15.55,-47.33,21.79,21.79,44,2.32,36
Sept-iles,50.2,-66.38,7.51,8.33,75,2.6,75
Atuona,-9.8,-139.03,26.49,26.49,76,8.03,0
Butaritari,3.07,172.79,29.09,29.09,75,5.69,25
Rikitea,-23.12,-134.97,21.69,21.69,65,1.97,76
Quepos,9.43,-84.16,21.02,22.0,94,2.1,75
Las Matas De Farfan,18.87,-71.52,23.89,23.89,87,1.72,100
Pitimbu,-7.47,-34.81,24.0,24.0,83,3.1,40
Ribeira Grande,38.52,-28.7,21.39,21.39,66,4.76,0
Aizpute,56.72,21.61,6.0,6.0,70,2.6,92
Dikson,73.51,80.55,2.79,2.79,96,9.07,100
Esperance,-33.86,121.89,17.0,17.0,36,6.2,52
Ilulissat,69.22,-51.1,3.0,3.0,86,0.5,86
Gatton,-27.56,152.28,23.74,25.56,56,2.6,75
Hilo,19.71,-155.08,24.9,30.0,55,5.1,75
Lima,-12.06,-77.04,17.0,17.0,88,5.7,90
Linfen,36.09,111.52,21.89,21.89,27,1.83,81
Ilulissat,69.22,-51.1,3.0,3.0,86,0.5,86
Barauna,-14.07,-42.49,17.29,17.29,80,4.76,7
Cape Town,-33.93,18.42,14.73,16.11,76,4.1,0
Kragero,58.87,9.41,9.39,10.56,93,2.6,100
Hami,42.84,93.51,19.39,19.39,15,2.04,2
Rikitea,-23.12,-134.97,21.69,21.69,65,1.97,76
Flinders,-34.58,150.85,18.76,20.56,59,2.6,75
Kapaa,22.08,-159.32,28.44,30.0,78,2.1,90
Ribeira Grande,38.52,-28.7,21.39,21.39,66,4.76,0
Hearst,49.69,-83.67,15.89,15.89,75,3.8,75
Tiksi,71.64,128.87,1.99,1.99,82,5.91,59
Torbay,47.66,-52.73,6.77,7.78,93,3.6,90
Alofi,-19.06,-169.92,26.0,26.0,61,5.7,75
Mataura,-46.19,168.86,6.11,6.11,76,4.47,100
Krutaya Gorka,55.36,73.22,2.0,2.0,100,3.0,75
Qaanaaq,77.48,-69.36,-6.31,-6.31,87,2.57,96
Kodiak,39.95,-94.76,22.97,24.0,78,5.1,75
Cayenne,4.94,-52.33,25.0,25.0,94,2.49,0
Camacha,33.08,-16.33,23.56,24.0,88,2.6,40
Ribeira Grande,38.52,-28.7,21.39,21.39,66,4.76,0
Talaya,55.79,84.89,3.08,3.89,81,5.0,0
Rikitea,-23.12,-134.97,21.69,21.69,65,1.97,76
Ostrovskoye,57.81,42.24,-1.11,-1.11,98,2.17,82
Kodiak,39.95,-94.76,22.97,24.0,78,5.1,75
Ushuaia,-54.81,-68.31,7.0,7.0,70,2.1,75
Khatanga,71.98,102.47,0.99,0.99,78,4.7,54
Rikitea,-23.12,-134.97,21.69,21.69,65,1.97,76
Butaritari,3.07,172.79,29.09,29.09,75,5.69,25
Ponta Do Sol,-20.63,-46.0,19.79,19.79,74,2.13,51
Klyuchi,52.25,79.17,6.99,6.99,53,2.31,72
Isangel,-19.55,169.27,26.0,26.0,57,4.1,90
Kapaa,22.08,-159.32,28.44,30.0,78,2.1,90
Kapaa,22.08,-159.32,28.44,30.0,78,2.1,90
Ukiah,39.15,-123.21,31.47,36.0,18,3.1,1
Talnakh,69.49,88.39,1.0,1.0,84,7.0,75
Manono,-7.3,27.4,23.69,23.69,72,1.97,100
San Carlos De Bariloche,-41.13,-71.31,13.23,14.0,44,2.6,0
Pevek,69.7,170.27,1.29,1.29,94,5.22,100
Leh,34.16,77.58,0.89,0.89,24,0.39,0
Nikolskoye,59.7,30.79,2.68,5.0,94,1.0,0
Esperance,-33.86,121.89,17.0,17.0,36,6.2,52
Sarangani,5.4,125.46,27.59,27.59,73,3.37,13
Manta,45.1,24.1,13.29,13.29,80,0.97,89
Ushuaia,-54.81,-68.31,7.0,7.0,70,2.1,75
Longyearbyen,78.22,15.63,3.0,3.0,86,3.1,75
Albany,42.65,-73.75,14.51,17.22,59,3.6,75
Olinda,-37.84,145.39,13.53,15.56,62,3.1,75
Rancho Mirage,33.76,-116.42,30.87,37.0,14,5.7,1
Lingyuan,41.24,119.4,19.39,19.39,32,2.11,26
Bluff,-23.58,149.07,23.89,23.89,53,5.5,45
Severo-kurilsk,50.68,156.12,9.59,9.59,79,11.1,61
Vanavara,60.35,102.28,3.39,3.39,90,2.29,0
Caucasia,7.98,-75.2,25.79,25.79,84,2.23,80
Albany,42.65,-73.75,14.51,17.22,59,3.6,75
Vila Velha,-3.71,-38.6,27.0,27.0,74,6.2,20
Hermanus,-34.42,19.24,13.58,13.89,80,6.26,0
Eureka,40.8,-124.16,20.31,23.89,68,5.7,1
Arraial Do Cabo,-22.97,-42.02,20.0,20.0,64,4.1,0
Rikitea,-23.12,-134.97,21.69,21.69,65,1.97,76
Destin,30.39,-86.5,28.05,29.0,70,3.1,1
Gualeguay,-33.15,-59.31,14.59,14.59,65,1.97,0
Half Moon Bay,37.46,-122.43,30.93,33.0,17,8.7,1
Puerto Ayora,-0.74,-90.35,21.61,23.0,69,4.6,0
Bethel,60.79,-161.76,10.31,11.0,57,8.2,75
Tuktoyaktuk,69.44,-133.03,5.0,5.0,75,1.0,20
Ushuaia,-54.81,-68.31,7.0,7.0,70,2.1,75
